customer_id,date,day_of_week,day_of_month,month,week_of_year,is_weekend,is_holiday,total_deposits,n_deposits,total_purchases,n_purchases,bills_amount,bills_due,net_flow_lag_1,net_flow_lag_7,net_flow_lag_30,net_flow_ma_7,net_flow_ma_30,deposits_lag_1,purchases_lag_1,bills_lag_1,net_flow,running_balance
353b01bd-099b-4732-b5dd-bced6c71fc8a,2021-09-13,1,13,9,37,0,0,6445,1,0,0,0,0,,,,,,,,,6445,21445
353b01bd-099b-4732-b5dd-bced6c71fc8a,2021-09-14,2,14,9,37,0,0,5777,1,0,0,0,0,6445,,,,,6445,0,0,5777,27222
353b01bd-099b-4732-b5dd-bced6c71fc8a,2021-09-15,3,15,9,37,0,0,7294,1,3787,1,6341.76,1,5777,,,,,5777,0,0,-2834.76,24387.24
353b01bd-099b-4732-b5dd-bced6c71fc8a,2021-09-16,4,16,9,37,0,1,6734,1,0,0,0,0,-2834.76,,,,,7294,3787,6341.76,6734,31121.24
353b01bd-099b-4732-b5dd-bced6c71fc8a,2021-09-17,5,17,9,37,0,0,9996,1,0,0,0,0,6734,,,,,6734,0,0,9996,41117.24
353b01bd-099b-4732-b5dd-bced6c71fc8a,2021-09-18,6,18,9,37,1,0,12654,1,5848,1,0,0,9996,,,,,9996,0,0,6806,47923.24
353b01bd-099b-4732-b5dd-bced6c71fc8a,2021-09-19,0,19,9,37,1,0,6548,1,0,0,0,0,6806,,,,,12654,5848,0,6548,54471.24
353b01bd-099b-4732-b5dd-bced6c71fc8a,2021-09-20,1,20,9,38,0,0,7170,1,0,0,1468.51,1,6548,6445,,5638.75,,6548,0,0,5701.49,60172.73
353b01bd-099b-4732-b5dd-bced6c71fc8a,2021-09-21,2,21,9,38,0,0,8184,1,0,0,0,0,5701.49,5777,,5532.53,,7170,0,1468.51,8184,68356.73
353b01bd-099b-4732-b5dd-bced6c71fc8a,2021-09-22,3,22,9,38,0,0,5570,1,0,0,0,0,8184,-2834.76,,5876.39,,8184,0,0,5570,73926.73
353b01bd-099b-4732-b5dd-bced6c71fc8a,2021-09-23,4,23,9,38,0,0,9086,1,6240,1,0,0,5570,6734,,7077.07,,5570,0,0,2846,76772.73
353b01bd-099b-4732-b5dd-bced6c71fc8a,2021-09-24,5,24,9,38,0,0,13310,1,0,0,0,0,2846,9996,,6521.64,,9086,6240,0,13310,90082.73
353b01bd-099b-4732-b5dd-bced6c71fc8a,2021-09-25,6,25,9,38,1,0,8250,1,5061,1,0,0,13310,6806,,6995.07,,13310,0,0,3189,93271.73
353b01bd-099b-4732-b5dd-bced6c71fc8a,2021-09-26,0,26,9,38,1,0,6007,1,0,0,0,0,3189,6548,,6478.36,,8250,5061,0,6007,99278.73
353b01bd-099b-4732-b5dd-bced6c71fc8a,2021-09-27,1,27,9,39,0,0,5749,1,0,0,0,0,6007,5701.49,,6401.07,,6007,0,0,5749,105027.73
353b01bd-099b-4732-b5dd-bced6c71fc8a,2021-09-28,2,28,9,39,0,0,5617,1,6952,1,0,0,5749,8184,,6407.86,,5749,0,0,-1335,103692.73
353b01bd-099b-4732-b5dd-bced6c71fc8a,2021-09-29,3,29,9,39,0,0,8854,1,0,0,0,0,-1335,5570,,5048,,5617,6952,0,8854,112546.73
353b01bd-099b-4732-b5dd-bced6c71fc8a,2021-09-30,4,30,9,39,0,0,4446,1,0,0,6509.4,1,8854,2846,,5517.14,,8854,0,0,-2063.4,110483.33
353b01bd-099b-4732-b5dd-bced6c71fc8a,2021-10-01,5,1,10,39,0,0,11064,1,4269,1,5970.54,1,-2063.4,13310,,4815.8,,4446,0,6509.4,824.46,111307.79
353b01bd-099b-4732-b5dd-bced6c71fc8a,2021-10-02,6,2,10,39,1,0,13481,1,0,0,0,0,824.46,3189,,3032.15,,11064,4269,5970.54,13481,124788.79
353b01bd-099b-4732-b5dd-bced6c71fc8a,2021-10-03,0,3,10,39,1,0,4890,1,4211,1,0,0,13481,6007,,4502.44,,13481,0,0,679,125467.79
353b01bd-099b-4732-b5dd-bced6c71fc8a,2021-10-04,1,4,10,40,0,0,5478,1,0,0,0,0,679,5749,,3741.29,,4890,4211,0,5478,130945.79
353b01bd-099b-4732-b5dd-bced6c71fc8a,2021-10-05,2,5,10,40,0,0,7102,1,0,0,0,0,5478,-1335,,3702.58,,5478,0,0,7102,138047.79
353b01bd-099b-4732-b5dd-bced6c71fc8a,2021-10-06,3,6,10,40,0,0,6375,1,3914,1,0,0,7102,8854,,4907.87,,7102,0,0,2461,140508.79
353b01bd-099b-4732-b5dd-bced6c71fc8a,2021-10-07,4,7,10,40,0,0,7622,1,0,0,0,0,2461,-2063.4,,3994.58,,6375,3914,0,7622,148130.79
353b01bd-099b-4732-b5dd-bced6c71fc8a,2021-10-08,5,8,10,40,0,0,7576,1,6352,1,0,0,7622,824.46,,5378.21,,7622,0,0,1224,149354.79
353b01bd-099b-4732-b5dd-bced6c71fc8a,2021-10-09,6,9,10,40,1,0,8534,1,0,0,0,0,1224,13481,,5435.29,,7576,6352,0,8534,157888.79
353b01bd-099b-4732-b5dd-bced6c71fc8a,2021-10-10,0,10,10,40,1,0,6647,1,0,0,0,0,8534,679,,4728.57,,8534,0,0,6647,164535.79
353b01bd-099b-4732-b5dd-bced6c71fc8a,2021-10-11,1,11,10,41,0,0,4600,1,5240,1,0,0,6647,5478,,5581.14,,6647,0,0,-640,163895.79
353b01bd-099b-4732-b5dd-bced6c71fc8a,2021-10-12,2,12,10,41,0,0,7873,1,0,0,0,0,-640,7102,,4707.14,,4600,5240,0,7873,171768.79
353b01bd-099b-4732-b5dd-bced6c71fc8a,2021-10-13,3,13,10,41,0,0,6941,1,0,0,0,0,7873,2461,6445,4817.29,5225.63,7873,0,0,6941,178709.79
353b01bd-099b-4732-b5dd-bced6c71fc8a,2021-10-14,4,14,10,41,0,0,9668,1,0,0,0,0,6941,7622,5777,5457.29,5242.16,6941,0,0,9668,188377.79
353b01bd-099b-4732-b5dd-bced6c71fc8a,2021-10-15,5,15,10,41,0,0,11436,1,0,0,4898.52,1,9668,1224,-2834.76,5749.57,5371.86,9668,0,0,6537.48,194915.27
353b01bd-099b-4732-b5dd-bced6c71fc8a,2021-10-16,6,16,10,41,1,0,8627,1,0,0,0,0,6537.48,8534,6734,6508.64,5684.27,11436,0,4898.52,8627,203542.27
353b01bd-099b-4732-b5dd-bced6c71fc8a,2021-10-17,0,17,10,41,1,0,5213,1,3672,1,0,0,8627,6647,9996,6521.93,5747.37,8627,0,0,1541,205083.27
353b01bd-099b-4732-b5dd-bced6c71fc8a,2021-10-18,1,18,10,42,0,0,5759,1,0,0,0,0,1541,-640,6806,5792.5,5465.53,5213,3672,0,5759,210842.27
353b01bd-099b-4732-b5dd-bced6c71fc8a,2021-10-19,2,19,10,42,0,0,9001,1,7449,1,0,0,5759,7873,6548,6706.64,5430.63,5759,0,0,1552,212394.27
353b01bd-099b-4732-b5dd-bced6c71fc8a,2021-10-20,3,20,10,42,0,0,4893,1,0,0,1200.39,1,1552,6941,5701.49,5803.64,5264.1,9001,7449,0,3692.61,216086.88
353b01bd-099b-4732-b5dd-bced6c71fc8a,2021-10-21,4,21,10,42,0,0,4590,1,0,0,0,0,3692.61,9668,8184,5339.58,5197.14,4893,0,1200.39,4590,220676.88
353b01bd-099b-4732-b5dd-bced6c71fc8a,2021-10-22,5,22,10,42,0,0,11026,1,0,0,0,0,4590,6537.48,5570,4614.16,5077.34,4590,0,0,11026,231702.88
353b01bd-099b-4732-b5dd-bced6c71fc8a,2021-10-23,6,23,10,42,1,0,8255,1,0,0,0,0,11026,8627,2846,5255.37,5259.2,11026,0,0,8255,239957.88
353b01bd-099b-4732-b5dd-bced6c71fc8a,2021-10-24,0,24,10,42,1,0,5514,1,0,0,0,0,8255,1541,13310,5202.23,5439.5,8255,0,0,5514,245471.88
353b01bd-099b-4732-b5dd-bced6c71fc8a,2021-10-25,1,25,10,43,0,0,4345,1,3688,1,0,0,5514,5759,3189,5769.8,5179.64,5514,0,0,657,246128.88
353b01bd-099b-4732-b5dd-bced6c71fc8a,2021-10-26,2,26,10,43,0,0,5380,1,0,0,0,0,657,1552,6007,5040.94,5095.24,4345,3688,0,5380,251508.88
353b01bd-099b-4732-b5dd-bced6c71fc8a,2021-10-27,3,27,10,43,0,0,7432,1,0,0,0,0,5380,3692.61,5749,5587.8,5074.34,5380,0,0,7432,258940.88
353b01bd-099b-4732-b5dd-bced6c71fc8a,2021-10-28,4,28,10,43,0,0,5001,1,0,0,0,0,7432,4590,-1335,6122,5130.44,7432,0,0,5001,263941.88
353b01bd-099b-4732-b5dd-bced6c71fc8a,2021-10-29,5,29,10,43,0,0,8052,1,0,0,0,0,5001,11026,8854,6180.71,5341.64,5001,0,0,8052,271993.88
353b01bd-099b-4732-b5dd-bced6c71fc8a,2021-10-30,6,30,10,43,1,0,10612,1,3643,1,0,0,8052,8255,-2063.4,5755.86,5314.91,8052,0,0,6969,278962.88
353b01bd-099b-4732-b5dd-bced6c71fc8a,2021-10-31,0,31,10,43,1,0,6626,1,0,0,5546.93,1,6969,5514,824.46,5572.14,5615.99,10612,3643,0,1079.07,280041.95
353b01bd-099b-4732-b5dd-bced6c71fc8a,2021-11-01,1,1,11,44,0,0,5470,1,0,0,5890.29,1,1079.07,657,13481,4938.58,5624.47,6626,0,5546.93,-420.29,279621.66
353b01bd-099b-4732-b5dd-bced6c71fc8a,2021-11-02,2,2,11,44,0,1,9043,1,4575,1,0,0,-420.29,5380,679,4784.68,5161.1,5470,0,5890.29,4468,284089.66
353b01bd-099b-4732-b5dd-bced6c71fc8a,2021-11-03,3,3,11,44,0,0,3552,1,0,0,0,0,4468,7432,5478,4654.4,5287.4,9043,4575,0,3552,287641.66
353b01bd-099b-4732-b5dd-bced6c71fc8a,2021-11-04,4,4,11,44,0,0,7130,1,5675,1,0,0,3552,5001,7102,4100.11,5223.2,3552,0,0,1455,289096.66
353b01bd-099b-4732-b5dd-bced6c71fc8a,2021-11-05,5,5,11,44,0,0,10653,1,0,0,0,0,1455,8052,2461,3593.54,5034.96,7130,5675,0,10653,299749.66
353b01bd-099b-4732-b5dd-bced6c71fc8a,2021-11-06,6,6,11,44,1,0,8130,1,0,0,0,0,10653,6969,7622,3965.11,5308.03,10653,0,0,8130,307879.66
353b01bd-099b-4732-b5dd-bced6c71fc8a,2021-11-07,0,7,11,44,1,0,6034,1,3692,1,0,0,8130,1079.07,1224,4130.97,5324.96,8130,0,0,2342,310221.66
353b01bd-099b-4732-b5dd-bced6c71fc8a,2021-11-08,1,8,11,45,0,0,7579,1,0,0,0,0,2342,-420.29,8534,4311.39,5362.23,6034,3692,0,7579,317800.66
353b01bd-099b-4732-b5dd-bced6c71fc8a,2021-11-09,2,9,11,45,0,0,3247,1,4652,1,0,0,7579,4468,6647,5454.14,5330.4,7579,0,0,-1405,316395.66
353b01bd-099b-4732-b5dd-bced6c71fc8a,2021-11-10,3,10,11,45,0,0,9445,1,0,0,0,0,-1405,3552,-640,4615.14,5062,3247,4652,0,9445,325840.66
353b01bd-099b-4732-b5dd-bced6c71fc8a,2021-11-11,4,11,11,45,0,0,4217,1,0,0,0,0,9445,1455,7873,5457,5398.16,9445,0,0,4217,330057.66
353b01bd-099b-4732-b5dd-bced6c71fc8a,2021-11-12,5,12,11,45,0,0,7901,1,0,0,0,0,4217,10653,6941,5851.57,5276.3,4217,0,0,7901,337958.66
353b01bd-099b-4732-b5dd-bced6c71fc8a,2021-11-13,6,13,11,45,1,0,10403,1,6177,1,0,0,7901,8130,9668,5458.43,5308.3,7901,0,0,4226,342184.66
353b01bd-099b-4732-b5dd-bced6c71fc8a,2021-11-14,0,14,11,45,1,0,6284,1,0,0,0,0,4226,2342,6537.48,4900.71,5126.9,10403,6177,0,6284,348468.66
353b01bd-099b-4732-b5dd-bced6c71fc8a,2021-11-15,1,15,11,46,0,0,4931,1,0,0,4549.95,1,6284,7579,8627,5463.86,5118.45,6284,0,0,381.05,348849.71
353b01bd-099b-4732-b5dd-bced6c71fc8a,2021-11-16,2,16,11,46,0,0,6892,1,0,0,0,0,381.05,-1405,1541,4435.58,4843.58,4931,0,4549.95,6892,355741.71
353b01bd-099b-4732-b5dd-bced6c71fc8a,2021-11-17,3,17,11,46,0,0,3560,1,7342,1,0,0,6892,9445,5759,5620.86,5021.95,6892,0,0,-3782,351959.71
353b01bd-099b-4732-b5dd-bced6c71fc8a,2021-11-18,4,18,11,46,0,0,9448,1,0,0,0,0,-3782,4217,1552,3731.29,4703.91,3560,7342,0,9448,361407.71
353b01bd-099b-4732-b5dd-bced6c71fc8a,2021-11-19,5,19,11,46,0,0,9503,1,0,0,0,0,9448,7901,3692.61,4478.58,4967.11,9448,0,0,9503,370910.71
353b01bd-099b-4732-b5dd-bced6c71fc8a,2021-11-20,6,20,11,46,1,1,7826,1,0,0,853.16,1,9503,4226,4590,4707.44,5160.79,9503,0,0,6972.84,377883.55
353b01bd-099b-4732-b5dd-bced6c71fc8a,2021-11-21,0,21,11,46,1,0,2627,1,6153,1,0,0,6972.84,6284,11026,5099.84,5240.22,7826,0,853.16,-3526,374357.55
353b01bd-099b-4732-b5dd-bced6c71fc8a,2021-11-22,1,22,11,47,0,0,4102,1,0,0,0,0,-3526,381.05,8255,3698.41,4755.16,2627,6153,0,4102,378459.55
353b01bd-099b-4732-b5dd-bced6c71fc8a,2021-11-23,2,23,11,47,0,0,7796,1,0,0,0,0,4102,6892,5514,4229.98,4616.72,4102,0,0,7796,386255.55
353b01bd-099b-4732-b5dd-bced6c71fc8a,2021-11-24,3,24,11,47,0,0,5755,1,7540,1,0,0,7796,-3782,657,4359.12,4692.79,7796,0,0,-1785,384470.55
353b01bd-099b-4732-b5dd-bced6c71fc8a,2021-11-25,4,25,11,47,0,0,7410,1,0,0,0,0,-1785,9448,5380,4644.41,4611.39,5755,7540,0,7410,391880.55
353b01bd-099b-4732-b5dd-bced6c71fc8a,2021-11-26,5,26,11,47,0,0,8171,1,7505,1,0,0,7410,9503,7432,4353.26,4679.06,7410,0,0,666,392546.55
353b01bd-099b-4732-b5dd-bced6c71fc8a,2021-11-27,6,27,11,47,1,0,7704,1,0,0,0,0,666,6972.84,5001,3090.83,4453.52,8171,7505,0,7704,400250.55
353b01bd-099b-4732-b5dd-bced6c71fc8a,2021-11-28,0,28,11,47,1,0,5444,1,5927,1,0,0,7704,-3526,8052,3195.29,4543.62,7704,0,0,-483,399767.55
353b01bd-099b-4732-b5dd-bced6c71fc8a,2021-11-29,1,29,11,48,0,0,4446,1,0,0,0,0,-483,4102,6969,3630,4259.12,5444,5927,0,4446,404213.55
353b01bd-099b-4732-b5dd-bced6c71fc8a,2021-11-30,2,30,11,48,0,0,5313,1,4812,1,5281.4,1,4446,7796,1079.07,3679.14,4175.02,4446,0,0,-4780.4,399433.15
353b01bd-099b-4732-b5dd-bced6c71fc8a,2021-12-01,3,1,12,48,0,0,9935,1,0,0,5939.07,1,-4780.4,-1785,-420.29,1882.51,3979.71,5313,4812,5281.4,3995.93,403429.08
353b01bd-099b-4732-b5dd-bced6c71fc8a,2021-12-02,4,2,12,48,0,0,9011,1,7615,1,0,0,3995.93,7410,4468,2708.36,4126.91,9935,0,5939.07,1396,404825.08
353b01bd-099b-4732-b5dd-bced6c71fc8a,2021-12-03,5,3,12,48,0,0,4802,1,0,0,0,0,1396,666,3552,1849.22,4024.51,9011,7615,0,4802,409627.08
353b01bd-099b-4732-b5dd-bced6c71fc8a,2021-12-04,6,4,12,48,1,0,11863,1,5055,1,0,0,4802,7704,1455,2440.08,4066.18,4802,0,0,6808,416435.08
353b01bd-099b-4732-b5dd-bced6c71fc8a,2021-12-05,0,5,12,48,1,0,7524,1,0,0,0,0,6808,-483,10653,2312.08,4244.61,11863,5055,0,7524,423959.08
353b01bd-099b-4732-b5dd-bced6c71fc8a,2021-12-06,1,6,12,49,0,0,4803,1,7268,1,0,0,7524,4446,8130,3455.93,4140.31,7524,0,0,-2465,421494.08
353b01bd-099b-4732-b5dd-bced6c71fc8a,2021-12-07,2,7,12,49,0,0,4870,1,0,0,0,0,-2465,-4780.4,2342,2468.65,3787.15,4803,7268,0,4870,426364.08
353b01bd-099b-4732-b5dd-bced6c71fc8a,2021-12-08,3,8,12,49,0,0,6768,1,7283,1,0,0,4870,3995.93,7579,3847.28,3871.41,4870,0,0,-515,425849.08
353b01bd-099b-4732-b5dd-bced6c71fc8a,2021-12-09,4,9,12,49,0,0,8977,1,0,0,0,0,-515,1396,-1405,3202.86,3601.61,6768,7283,0,8977,434826.08
353b01bd-099b-4732-b5dd-bced6c71fc8a,2021-12-10,5,10,12,49,0,0,5170,1,0,0,0,0,8977,4802,9445,4285.86,3947.68,8977,0,0,5170,439996.08
353b01bd-099b-4732-b5dd-bced6c71fc8a,2021-12-11,6,11,12,49,1,0,8672,1,3740,1,0,0,5170,6808,4217,4338.43,3805.18,5170,0,0,4932,444928.08
353b01bd-099b-4732-b5dd-bced6c71fc8a,2021-12-12,0,12,12,49,1,0,7776,1,0,0,0,0,4932,7524,7901,4070.43,3829.01,8672,3740,0,7776,452704.08
353b01bd-099b-4732-b5dd-bced6c71fc8a,2021-12-13,1,13,12,50,0,0,3814,1,5081,1,0,0,7776,-2465,4226,4106.43,3824.85,7776,0,0,-1267,451437.08
353b01bd-099b-4732-b5dd-bced6c71fc8a,2021-12-14,2,14,12,50,0,0,7217,1,0,0,0,0,-1267,4870,6284,4277.57,3641.75,3814,5081,0,7217,458654.08
353b01bd-099b-4732-b5dd-bced6c71fc8a,2021-12-15,3,15,12,50,0,0,5429,1,0,0,4464.54,1,7217,-515,381.05,4612.86,3672.85,7217,0,0,964.46,459618.54
353b01bd-099b-4732-b5dd-bced6c71fc8a,2021-12-16,4,16,12,50,0,0,7175,1,4520,1,0,0,964.46,8977,6892,4824.21,3692.29,5429,0,4464.54,2655,462273.54
353b01bd-099b-4732-b5dd-bced6c71fc8a,2021-12-17,5,17,12,50,0,0,6145,1,0,0,0,0,2655,5170,-3782,3921.07,3551.06,7175,4520,0,6145,468418.54
353b01bd-099b-4732-b5dd-bced6c71fc8a,2021-12-18,6,18,12,50,1,0,4884,1,0,0,0,0,6145,4932,9448,4060.35,3881.96,6145,0,0,4884,473302.54
353b01bd-099b-4732-b5dd-bced6c71fc8a,2021-12-19,0,19,12,50,1,0,2665,1,0,0,0,0,4884,7776,9503,4053.49,3729.83,4884,0,0,2665,475967.54
353b01bd-099b-4732-b5dd-bced6c71fc8a,2021-12-20,1,20,12,51,0,0,7401,1,5942,1,1158.04,1,2665,-1267,6972.84,3323.35,3501.89,2665,0,0,300.96,476268.5
353b01bd-099b-4732-b5dd-bced6c71fc8a,2021-12-21,2,21,12,51,0,0,7553,1,0,0,0,0,300.96,7217,-3526,3547.35,3279.5,7401,5942,1158.04,7553,483821.5
353b01bd-099b-4732-b5dd-bced6c71fc8a,2021-12-22,3,22,12,51,0,0,5725,1,4368,1,0,0,7553,964.46,4102,3595.35,3648.8,7553,0,0,1357,485178.5
353b01bd-099b-4732-b5dd-bced6c71fc8a,2021-12-23,4,23,12,51,0,0,7604,1,0,0,0,0,1357,2655,7796,3651.42,3557.3,5725,4368,0,7604,492782.5
353b01bd-099b-4732-b5dd-bced6c71fc8a,2021-12-24,5,24,12,51,0,0,13242,1,7306,1,0,0,7604,6145,-1785,4358.42,3550.9,7604,0,0,5936,498718.5
353b01bd-099b-4732-b5dd-bced6c71fc8a,2021-12-25,6,25,12,51,1,1,1958,1,0,0,0,0,5936,4884,7410,4328.57,3808.27,13242,7306,0,1958,500676.5
353b01bd-099b-4732-b5dd-bced6c71fc8a,2021-12-26,0,26,12,51,1,0,3625,1,0,0,0,0,1958,2665,666,3910.57,3626.53,1958,0,0,3625,504301.5
353b01bd-099b-4732-b5dd-bced6c71fc8a,2021-12-27,1,27,12,52,0,0,2952,1,4268,1,0,0,3625,300.96,7704,4047.71,3725.17,3625,0,0,-1316,502985.5
353b01bd-099b-4732-b5dd-bced6c71fc8a,2021-12-28,2,28,12,52,0,0,3955,1,0,0,0,0,-1316,7553,-483,3816.71,3424.5,2952,4268,0,3955,506940.5
353b01bd-099b-4732-b5dd-bced6c71fc8a,2021-12-29,3,29,12,52,0,0,5753,1,0,0,0,0,3955,1357,4446,3302.71,3572.43,3955,0,0,5753,512693.5
353b01bd-099b-4732-b5dd-bced6c71fc8a,2021-12-30,4,30,12,52,0,0,9623,1,6258,1,0,0,5753,7604,-4780.4,3930.71,3616,5753,0,0,3365,516058.5
353b01bd-099b-4732-b5dd-bced6c71fc8a,2021-12-31,5,31,12,52,0,0,8605,1,0,0,5403.31,1,3365,5936,3995.93,3325.14,3887.51,9623,6258,0,3201.69,519260.19
353b01bd-099b-4732-b5dd-bced6c71fc8a,2022-01-01,6,1,1,52,1,1,1545,1,5986,1,6040.54,1,3201.69,1958,1396,2934.53,3861.04,8605,0,5403.31,-10481.54,508778.65
353b01bd-099b-4732-b5dd-bced6c71fc8a,2022-01-02,0,2,1,52,1,0,4344,1,0,0,0,0,-10481.54,3625,4802,1157.45,3465.12,1545,5986,6040.54,4344,513122.65
353b01bd-099b-4732-b5dd-bced6c71fc8a,2022-01-03,1,3,1,1,0,0,5923,1,7913,1,0,0,4344,-1316,6808,1260.16,3449.85,4344,0,0,-1990,511132.65
353b01bd-099b-4732-b5dd-bced6c71fc8a,2022-01-04,2,4,1,1,0,0,7144,1,0,0,0,0,-1990,3955,7524,1163.88,3156.59,5923,7913,0,7144,518276.65
353b01bd-099b-4732-b5dd-bced6c71fc8a,2022-01-05,3,5,1,1,0,0,4818,1,6282,1,0,0,7144,5753,-2465,1619.45,3143.92,7144,0,0,-1464,516812.65
353b01bd-099b-4732-b5dd-bced6c71fc8a,2022-01-06,4,6,1,1,0,0,10093,1,0,0,0,0,-1464,3365,4870,588.45,3177.29,4818,6282,0,10093,526905.65
353b01bd-099b-4732-b5dd-bced6c71fc8a,2022-01-07,5,7,1,1,0,0,5395,1,6447,1,0,0,10093,3201.69,-515,1549.59,3351.39,10093,0,0,-1052,525853.65
353b01bd-099b-4732-b5dd-bced6c71fc8a,2022-01-08,6,8,1,1,1,0,9471,1,0,0,0,0,-1052,-10481.54,8977,941.92,3333.49,5395,6447,0,9471,535324.65
353b01bd-099b-4732-b5dd-bced6c71fc8a,2022-01-09,0,9,1,1,1,0,2949,1,0,0,0,0,9471,4344,5170,3792.29,3349.95,9471,0,0,2949,538273.65
353b01bd-099b-4732-b5dd-bced6c71fc8a,2022-01-10,1,10,1,2,0,0,7433,1,6775,1,0,0,2949,-1990,4932,3593,3275.92,2949,0,0,658,538931.65
353b01bd-099b-4732-b5dd-bced6c71fc8a,2022-01-11,2,11,1,2,0,0,6311,1,0,0,0,0,658,7144,7776,3971.29,3133.45,7433,6775,0,6311,545242.65
353b01bd-099b-4732-b5dd-bced6c71fc8a,2022-01-12,3,12,1,2,0,0,3557,1,5002,1,0,0,6311,-1464,-1267,3852.29,3084.62,6311,0,0,-1445,543797.65
353b01bd-099b-4732-b5dd-bced6c71fc8a,2022-01-13,4,13,1,2,0,0,7625,1,0,0,0,0,-1445,10093,7217,3855,3078.69,3557,5002,0,7625,551422.65
353b01bd-099b-4732-b5dd-bced6c71fc8a,2022-01-14,5,14,1,2,0,0,9689,1,6457,1,0,0,7625,-1052,964.46,3502.43,3092.29,7625,0,0,3232,554654.65
353b01bd-099b-4732-b5dd-bced6c71fc8a,2022-01-15,6,15,1,2,1,0,7616,1,0,0,4397.19,1,3232,9471,2655,4114.43,3167.87,9689,6457,0,3218.81,557873.46
353b01bd-099b-4732-b5dd-bced6c71fc8a,2022-01-16,0,16,1,2,1,0,6038,1,0,0,0,0,3218.81,2949,6145,3221.26,3186.66,7616,0,4397.19,6038,563911.46
353b01bd-099b-4732-b5dd-bced6c71fc8a,2022-01-17,1,17,1,3,0,0,6813,1,0,0,0,0,6038,658,4884,3662.54,3183.1,6038,0,0,6813,570724.46
353b01bd-099b-4732-b5dd-bced6c71fc8a,2022-01-18,2,18,1,3,0,0,7231,1,6443,1,0,0,6813,6311,2665,4541.83,3247.4,6813,0,0,788,571512.46
353b01bd-099b-4732-b5dd-bced6c71fc8a,2022-01-19,3,19,1,3,0,0,7497,1,0,0,0,0,788,-1445,300.96,3752.83,3184.83,7231,6443,0,7497,579009.46
353b01bd-099b-4732-b5dd-bced6c71fc8a,2022-01-20,4,20,1,3,0,0,4784,1,5078,1,808.15,1,7497,7625,7553,5030.26,3424.7,7497,0,0,-1102.15,577907.31
353b01bd-099b-4732-b5dd-bced6c71fc8a,2022-01-21,5,21,1,3,0,0,11583,1,0,0,0,0,-1102.15,3232,1357,3783.52,3136.19,4784,5078,808.15,11583,589490.31
353b01bd-099b-4732-b5dd-bced6c71fc8a,2022-01-22,6,22,1,3,1,0,8755,1,0,0,0,0,11583,3218.81,7604,4976.52,3477.06,11583,0,0,8755,598245.31
353b01bd-099b-4732-b5dd-bced6c71fc8a,2022-01-23,0,23,1,3,1,0,7541,1,0,0,0,0,8755,6038,5936,5767.41,3515.43,8755,0,0,7541,605786.31
353b01bd-099b-4732-b5dd-bced6c71fc8a,2022-01-24,1,24,1,4,0,0,4786,1,7265,1,0,0,7541,6813,1958,5982.12,3568.93,7541,0,0,-2479,603307.31
353b01bd-099b-4732-b5dd-bced6c71fc8a,2022-01-25,2,25,1,4,0,0,5948,1,0,0,0,0,-2479,788,3625,4654.69,3421.03,4786,7265,0,5948,609255.31
353b01bd-099b-4732-b5dd-bced6c71fc8a,2022-01-26,3,26,1,4,0,0,8118,1,3709,1,0,0,5948,7497,-1316,5391.84,3498.46,5948,0,0,4409,613664.31
353b01bd-099b-4732-b5dd-bced6c71fc8a,2022-01-27,4,27,1,4,0,0,6414,1,0,0,0,0,4409,-1102.15,3955,4950.69,3689.29,8118,3709,0,6414,620078.31
353b01bd-099b-4732-b5dd-bced6c71fc8a,2022-01-28,5,28,1,4,0,0,10701,1,7616,1,0,0,6414,11583,5753,6024.43,3771.26,6414,0,0,3085,623163.31
353b01bd-099b-4732-b5dd-bced6c71fc8a,2022-01-29,6,29,1,4,1,0,10109,1,0,0,0,0,3085,8755,3365,4810.43,3682.33,10701,7616,0,10109,633272.31
353b01bd-099b-4732-b5dd-bced6c71fc8a,2022-01-30,0,30,1,4,1,0,5126,1,5325,1,0,0,10109,7541,3201.69,5003.86,3907.13,10109,0,0,-199,633073.31
353b01bd-099b-4732-b5dd-bced6c71fc8a,2022-01-31,1,31,1,5,0,0,4340,1,0,0,6181.53,1,-199,-2479,-10481.54,3898.14,3793.77,5126,5325,0,-1841.53,631231.78
353b01bd-099b-4732-b5dd-bced6c71fc8a,2022-02-01,2,1,2,5,0,0,3974,1,4742,1,5839.6,1,-1841.53,5948,4344,3989.21,4081.77,4340,0,6181.53,-6607.6,624624.18
353b01bd-099b-4732-b5dd-bced6c71fc8a,2022-02-02,3,2,2,5,0,0,6151,1,0,0,0,0,-6607.6,4409,-1990,2195.55,3716.72,3974,4742,5839.6,6151,630775.18
353b01bd-099b-4732-b5dd-bced6c71fc8a,2022-02-03,4,3,2,5,0,0,9325,1,4839,1,0,0,6151,6414,7144,2444.41,3988.08,6151,0,0,4486,635261.18
353b01bd-099b-4732-b5dd-bced6c71fc8a,2022-02-04,5,4,2,5,0,0,6014,1,0,0,0,0,4486,3085,-1464,2168.98,3899.48,9325,4839,0,6014,641275.18
353b01bd-099b-4732-b5dd-bced6c71fc8a,2022-02-05,6,5,2,5,1,1,9111,1,0,0,0,0,6014,10109,10093,2587.41,4148.75,6014,0,0,9111,650386.18
353b01bd-099b-4732-b5dd-bced6c71fc8a,2022-02-06,0,6,2,5,1,0,6507,1,0,0,0,0,9111,-199,-1052,2444.84,4116.02,9111,0,0,6507,656893.18
353b01bd-099b-4732-b5dd-bced6c71fc8a,2022-02-07,1,7,2,6,0,0,8352,1,5287,1,0,0,6507,-1841.53,9471,3402.84,4367.98,6507,0,0,3065,659958.18
353b01bd-099b-4732-b5dd-bced6c71fc8a,2022-02-08,2,8,2,6,0,0,9293,1,0,0,0,0,3065,-6607.6,2949,4103.77,4154.45,8352,5287,0,9293,669251.18
353b01bd-099b-4732-b5dd-bced6c71fc8a,2022-02-09,3,9,2,6,0,0,7373,1,0,0,0,0,9293,6151,658,6375.29,4365.92,9293,0,0,7373,676624.18
353b01bd-099b-4732-b5dd-bced6c71fc8a,2022-02-10,4,10,2,6,0,0,4578,1,7082,1,0,0,7373,4486,6311,6549.86,4589.75,7373,0,0,-2504,674120.18
353b01bd-099b-4732-b5dd-bced6c71fc8a,2022-02-11,5,11,2,6,0,0,8596,1,0,0,0,0,-2504,6014,-1445,5551.29,4295.92,4578,7082,0,8596,682716.18
353b01bd-099b-4732-b5dd-bced6c71fc8a,2022-02-12,6,12,2,6,1,0,11703,1,0,0,0,0,8596,9111,7625,5920.14,4630.62,8596,0,0,11703,694419.18
353b01bd-099b-4732-b5dd-bced6c71fc8a,2022-02-13,0,13,2,6,1,0,5867,1,0,0,0,0,11703,6507,3232,6290.43,4766.55,11703,0,0,5867,700286.18
353b01bd-099b-4732-b5dd-bced6c71fc8a,2022-02-14,1,14,2,7,0,0,6147,1,0,0,0,0,5867,3065,3218.81,6199,4854.38,5867,0,0,6147,706433.18
353b01bd-099b-4732-b5dd-bced6c71fc8a,2022-02-15,2,15,2,7,0,0,7065,1,4283,1,5720.05,1,6147,9293,6038,6639.29,4951.99,6147,0,0,-2938.05,703495.13
353b01bd-099b-4732-b5dd-bced6c71fc8a,2022-02-16,3,16,2,7,0,0,6615,1,0,0,0,0,-2938.05,7373,6813,4891.99,4652.79,7065,4283,5720.05,6615,710110.13
353b01bd-099b-4732-b5dd-bced6c71fc8a,2022-02-17,4,17,2,7,0,0,8885,1,6492,1,0,0,6615,-2504,788,4783.71,4646.19,6615,0,0,2393,712503.13
353b01bd-099b-4732-b5dd-bced6c71fc8a,2022-02-18,5,18,2,7,0,0,6583,1,0,0,0,0,2393,8596,7497,5483.28,4699.69,8885,6492,0,6583,719086.13
353b01bd-099b-4732-b5dd-bced6c71fc8a,2022-02-19,6,19,2,7,1,0,9753,1,0,0,0,0,6583,11703,-1102.15,5195.71,4669.22,6583,0,0,9753,728839.13
353b01bd-099b-4732-b5dd-bced6c71fc8a,2022-02-20,0,20,2,7,1,0,6826,1,0,0,1306.93,1,9753,5867,11583,4917.14,5031.06,9753,0,0,5519.07,734358.2
353b01bd-099b-4732-b5dd-bced6c71fc8a,2022-02-21,1,21,2,8,0,0,8679,1,0,0,0,0,5519.07,6147,8755,4867.43,4828.93,6826,0,1306.93,8679,743037.2
353b01bd-099b-4732-b5dd-bced6c71fc8a,2022-02-22,2,22,2,8,0,0,5101,1,6098,1,0,0,8679,-2938.05,7541,5229.15,4826.4,8679,0,0,-997,742040.2
353b01bd-099b-4732-b5dd-bced6c71fc8a,2022-02-23,3,23,2,8,0,0,8042,1,0,0,0,0,-997,6615,-2479,5506.44,4541.8,5101,6098,0,8042,750082.2
353b01bd-099b-4732-b5dd-bced6c71fc8a,2022-02-24,4,24,2,8,0,0,4100,1,5248,1,0,0,8042,2393,5948,5710.3,4892.5,8042,0,0,-1148,748934.2
353b01bd-099b-4732-b5dd-bced6c71fc8a,2022-02-25,5,25,2,8,0,0,7794,1,0,0,0,0,-1148,6583,4409,5204.44,4655.96,4100,5248,0,7794,756728.2
353b01bd-099b-4732-b5dd-bced6c71fc8a,2022-02-26,6,26,2,8,1,0,7734,1,0,0,0,0,7794,9753,6414,5377.44,4768.8,7794,0,0,7734,764462.2
353b01bd-099b-4732-b5dd-bced6c71fc8a,2022-02-27,0,27,2,8,1,0,4973,1,0,0,0,0,7734,5519.07,3085,5089.01,4812.8,7734,0,0,4973,769435.2
353b01bd-099b-4732-b5dd-bced6c71fc8a,2022-02-28,1,28,2,9,0,0,3915,1,7686,1,6859.7,1,4973,8679,10109,5011,4875.73,4973,0,0,-10630.7,758804.5
353b01bd-099b-4732-b5dd-bced6c71fc8a,2022-03-01,2,1,3,9,0,0,9012,1,0,0,6096.78,1,-10630.7,-997,-199,2252.47,4184.41,3915,7686,6859.7,2915.22,761719.72
353b01bd-099b-4732-b5dd-bced6c71fc8a,2022-03-02,3,2,3,9,0,0,6189,1,0,0,0,0,2915.22,8042,-1841.53,2811.36,4288.21,9012,0,6096.78,6189,767908.72
353b01bd-099b-4732-b5dd-bced6c71fc8a,2022-03-03,4,3,3,9,0,0,8606,1,5801,1,0,0,6189,-1148,-6607.6,2546.65,4555.9,6189,0,0,2805,770713.72
353b01bd-099b-4732-b5dd-bced6c71fc8a,2022-03-04,5,4,3,9,0,0,6804,1,0,0,0,0,2805,7794,6151,3111.36,4869.65,8606,5801,0,6804,777517.72
353b01bd-099b-4732-b5dd-bced6c71fc8a,2022-03-05,6,5,3,9,1,0,12500,1,0,0,0,0,6804,7734,4486,2969.93,4891.42,6804,0,0,12500,790017.72
353b01bd-099b-4732-b5dd-bced6c71fc8a,2022-03-06,0,6,3,9,1,0,5398,1,7083,1,0,0,12500,4973,6014,3650.79,5158.55,12500,0,0,-1685,788332.72
353b01bd-099b-4732-b5dd-bced6c71fc8a,2022-03-07,1,7,3,10,0,0,6846,1,0,0,0,0,-1685,-10630.7,9111,2699.65,4901.92,5398,7083,0,6846,795178.72
353b01bd-099b-4732-b5dd-bced6c71fc8a,2022-03-08,2,8,3,10,0,0,9108,1,0,0,0,0,6846,2915.22,6507,5196.32,4826.42,6846,0,0,9108,804286.72
353b01bd-099b-4732-b5dd-bced6c71fc8a,2022-03-09,3,9,3,10,0,0,9778,1,4183,1,0,0,9108,6189,3065,6081,4913.12,9108,0,0,5595,809881.72
353b01bd-099b-4732-b5dd-bced6c71fc8a,2022-03-10,4,10,3,10,0,0,10391,1,0,0,0,0,5595,2805,9293,5996.14,4997.45,9778,4183,0,10391,820272.72
353b01bd-099b-4732-b5dd-bced6c71fc8a,2022-03-11,5,11,3,10,0,0,7108,1,3917,1,0,0,10391,6804,7373,7079.86,5034.05,10391,0,0,3191,823463.72
353b01bd-099b-4732-b5dd-bced6c71fc8a,2022-03-12,6,12,3,10,1,0,10573,1,0,0,0,0,3191,12500,-2504,6563.71,4894.65,7108,3917,0,10573,834036.72
353b01bd-099b-4732-b5dd-bced6c71fc8a,2022-03-13,0,13,3,10,1,0,7476,1,5068,1,0,0,10573,-1685,8596,6288.43,5330.55,10573,0,0,2408,836444.72
353b01bd-099b-4732-b5dd-bced6c71fc8a,2022-03-14,1,14,3,11,0,0,4802,1,0,0,0,0,2408,6846,11703,6873.14,5124.28,7476,5068,0,4802,841246.72
353b01bd-099b-4732-b5dd-bced6c71fc8a,2022-03-15,2,15,3,11,0,0,4357,1,5157,1,4830.05,1,4802,9108,5867,6581.14,4894.25,4802,0,0,-5630.05,835616.67
353b01bd-099b-4732-b5dd-bced6c71fc8a,2022-03-16,3,16,3,11,0,0,5883,1,0,0,0,0,-5630.05,5595,6147,4475.71,4511.02,4357,5157,4830.05,5883,841499.67
353b01bd-099b-4732-b5dd-bced6c71fc8a,2022-03-17,4,17,3,11,0,0,4302,1,3425,1,0,0,5883,10391,-2938.05,4516.85,4502.22,5883,0,0,877,842376.67
353b01bd-099b-4732-b5dd-bced6c71fc8a,2022-03-18,5,18,3,11,0,0,10298,1,0,0,0,0,877,3191,6615,3157.71,4629.38,4302,3425,0,10298,852674.67
353b01bd-099b-4732-b5dd-bced6c71fc8a,2022-03-19,6,19,3,11,1,0,11476,1,4504,1,0,0,10298,10573,2393,4172.99,4752.15,10298,0,0,6972,859646.67
353b01bd-099b-4732-b5dd-bced6c71fc8a,2022-03-20,0,20,3,11,1,0,4692,1,0,0,961.31,1,6972,2408,6583,3658.56,4904.78,11476,4504,0,3730.69,863377.36
353b01bd-099b-4732-b5dd-bced6c71fc8a,2022-03-21,1,21,3,12,0,1,7020,1,3089,1,0,0,3730.69,4802,9753,3847.52,4809.71,4692,0,961.31,3931,867308.36
353b01bd-099b-4732-b5dd-bced6c71fc8a,2022-03-22,2,22,3,12,0,0,5072,1,0,0,0,0,3931,-5630.05,5519.07,3723.09,4615.64,7020,3089,0,5072,872380.36
353b01bd-099b-4732-b5dd-bced6c71fc8a,2022-03-23,3,23,3,12,0,0,8037,1,0,0,0,0,5072,5883,8679,5251.96,4600.74,5072,0,0,8037,880417.36
353b01bd-099b-4732-b5dd-bced6c71fc8a,2022-03-24,4,24,3,12,0,0,9827,1,6798,1,0,0,8037,877,-997,5559.67,4579.34,8037,0,0,3029,883446.36
353b01bd-099b-4732-b5dd-bced6c71fc8a,2022-03-25,5,25,3,12,0,0,10153,1,0,0,0,0,3029,10298,8042,5867.1,4713.54,9827,6798,0,10153,893599.36
353b01bd-099b-4732-b5dd-bced6c71fc8a,2022-03-26,6,26,3,12,1,0,11063,1,0,0,0,0,10153,6972,-1148,5846.38,4783.91,10153,0,0,11063,904662.36
353b01bd-099b-4732-b5dd-bced6c71fc8a,2022-03-27,0,27,3,12,1,0,3533,1,3736,1,0,0,11063,3730.69,7794,6430.81,5190.94,11063,0,0,-203,904459.36
353b01bd-099b-4732-b5dd-bced6c71fc8a,2022-03-28,1,28,3,13,0,0,6286,1,0,0,0,0,-203,3931,7734,5868.86,4924.37,3533,3736,0,6286,910745.36
353b01bd-099b-4732-b5dd-bced6c71fc8a,2022-03-29,2,29,3,13,0,0,4995,1,0,0,0,0,6286,5072,4973,6205.29,4876.11,6286,0,0,4995,915740.36
353b01bd-099b-4732-b5dd-bced6c71fc8a,2022-03-30,3,30,3,13,0,0,4564,1,4907,1,0,0,4995,8037,-10630.7,6194.29,4876.84,4995,0,0,-343,915397.36
353b01bd-099b-4732-b5dd-bced6c71fc8a,2022-03-31,4,31,3,13,0,0,6973,1,0,0,5791.42,1,-343,3029,2915.22,4997.14,5219.76,4564,4907,0,1181.58,916578.94
353b01bd-099b-4732-b5dd-bced6c71fc8a,2022-04-01,5,1,4,13,0,0,7376,1,3540,1,6039.64,1,1181.58,10153,6189,4733.23,5161.97,6973,0,5791.42,-2203.64,914375.3
353b01bd-099b-4732-b5dd-bced6c71fc8a,2022-04-02,6,2,4,13,1,0,10043,1,0,0,0,0,-2203.64,11063,2805,2967.99,4882.22,7376,3540,6039.64,10043,924418.3
353b01bd-099b-4732-b5dd-bced6c71fc8a,2022-04-03,0,3,4,13,1,0,5236,1,6349,1,0,0,10043,-203,6804,2822.28,5123.49,10043,0,0,-1113,923305.3
353b01bd-099b-4732-b5dd-bced6c71fc8a,2022-04-04,1,4,4,14,0,0,8129,1,0,0,0,0,-1113,6286,12500,2692.28,4859.59,5236,6349,0,8129,931434.3
353b01bd-099b-4732-b5dd-bced6c71fc8a,2022-04-05,2,5,4,14,0,0,7654,1,0,0,0,0,8129,4995,-1685,2955.56,4713.89,8129,0,0,7654,939088.3
353b01bd-099b-4732-b5dd-bced6c71fc8a,2022-04-06,3,6,4,14,0,0,5638,1,0,0,0,0,7654,-343,6846,3335.42,5025.19,7654,0,0,5638,944726.3
353b01bd-099b-4732-b5dd-bced6c71fc8a,2022-04-07,4,7,4,14,0,0,5088,1,6442,1,0,0,5638,1181.58,9108,4189.85,4984.92,5638,0,0,-1354,943372.3
353b01bd-099b-4732-b5dd-bced6c71fc8a,2022-04-08,5,8,4,14,0,0,8126,1,0,0,0,0,-1354,-2203.64,5595,3827.62,4636.19,5088,6442,0,8126,951498.3
353b01bd-099b-4732-b5dd-bced6c71fc8a,2022-04-09,6,9,4,14,1,0,7777,1,4985,1,0,0,8126,10043,10391,5303.29,4720.55,8126,0,0,2792,954290.3
353b01bd-099b-4732-b5dd-bced6c71fc8a,2022-04-10,0,10,4,14,1,0,7529,1,0,0,0,0,2792,-1113,3191,4267.43,4467.25,7777,4985,0,7529,961819.3
353b01bd-099b-4732-b5dd-bced6c71fc8a,2022-04-11,1,11,4,15,0,0,4865,1,4512,1,0,0,7529,8129,10573,5502,4611.85,7529,0,0,353,962172.3
353b01bd-099b-4732-b5dd-bced6c71fc8a,2022-04-12,2,12,4,15,0,0,6862,1,0,0,0,0,353,7654,2408,4391.14,4271.19,4865,4512,0,6862,969034.3
353b01bd-099b-4732-b5dd-bced6c71fc8a,2022-04-13,3,13,4,15,0,0,9153,1,5480,1,0,0,6862,5638,4802,4278,4419.65,6862,0,0,3673,972707.3
353b01bd-099b-4732-b5dd-bced6c71fc8a,2022-04-14,4,14,4,15,0,0,5757,1,0,0,0,0,3673,-1354,-5630.05,3997.29,4382.02,9153,5480,0,5757,978464.3
353b01bd-099b-4732-b5dd-bced6c71fc8a,2022-04-15,5,15,4,15,0,0,8441,1,0,0,6956.69,1,5757,8126,5883,5013.14,4761.59,5757,0,0,1484.31,979948.61
353b01bd-099b-4732-b5dd-bced6c71fc8a,2022-04-16,6,16,4,15,1,0,6898,1,0,0,0,0,1484.31,2792,877,4064.33,4614.96,8441,0,6956.69,6898,986846.61
353b01bd-099b-4732-b5dd-bced6c71fc8a,2022-04-17,0,17,4,15,1,0,8038,1,3809,1,0,0,6898,7529,10298,4650.9,4815.66,6898,0,0,4229,991075.61
353b01bd-099b-4732-b5dd-bced6c71fc8a,2022-04-18,1,18,4,16,0,0,4152,1,0,0,0,0,4229,353,6972,4179.47,4613.36,8038,3809,0,4152,995227.61
353b01bd-099b-4732-b5dd-bced6c71fc8a,2022-04-19,2,19,4,16,0,0,3774,1,7747,1,0,0,4152,6862,3730.69,4722.19,4519.36,4152,0,0,-3973,991254.61
353b01bd-099b-4732-b5dd-bced6c71fc8a,2022-04-20,3,20,4,16,0,0,5514,1,0,0,1100.75,1,-3973,3673,3931,3174.33,4262.58,3774,7747,0,4413.25,995667.86
353b01bd-099b-4732-b5dd-bced6c71fc8a,2022-04-21,4,21,4,16,0,0,7992,1,5383,1,0,0,4413.25,5757,5072,3280.08,4278.65,5514,0,1100.75,2609,998276.86
353b01bd-099b-4732-b5dd-bced6c71fc8a,2022-04-22,5,22,4,16,0,0,4508,1,0,0,0,0,2609,1484.31,8037,2830.37,4196.55,7992,5383,0,4508,1002784.86
353b01bd-099b-4732-b5dd-bced6c71fc8a,2022-04-23,6,23,4,16,1,0,6276,1,4534,1,0,0,4508,6898,3029,3262.32,4078.92,4508,0,0,1742,1004526.86
353b01bd-099b-4732-b5dd-bced6c71fc8a,2022-04-24,0,24,4,16,1,0,5188,1,0,0,0,0,1742,4229,10153,2525.75,4036.02,6276,4534,0,5188,1009714.86
353b01bd-099b-4732-b5dd-bced6c71fc8a,2022-04-25,1,25,4,17,0,0,7607,1,3904,1,0,0,5188,4152,11063,2662.75,3870.52,5188,0,0,3703,1013417.86
353b01bd-099b-4732-b5dd-bced6c71fc8a,2022-04-26,2,26,4,17,0,0,8679,1,0,0,0,0,3703,-3973,-203,2598.61,3625.18,7607,3904,0,8679,1022096.86
353b01bd-099b-4732-b5dd-bced6c71fc8a,2022-04-27,3,27,4,17,0,0,10369,1,0,0,0,0,8679,4413.25,6286,4406.04,3921.25,8679,0,0,10369,1032465.86
353b01bd-099b-4732-b5dd-bced6c71fc8a,2022-04-28,4,28,4,17,0,0,11260,1,5129,1,0,0,10369,2609,4995,5256.86,4057.35,10369,0,0,6131,1038596.86
353b01bd-099b-4732-b5dd-bced6c71fc8a,2022-04-29,5,29,4,17,0,0,12991,1,0,0,0,0,6131,4508,-343,5760,4095.22,11260,5129,0,12991,1051587.86
353b01bd-099b-4732-b5dd-bced6c71fc8a,2022-04-30,6,30,4,17,1,0,7580,1,0,0,5303.11,1,12991,1742,1181.58,6971.86,4539.68,12991,0,0,2276.89,1053864.75
353b01bd-099b-4732-b5dd-bced6c71fc8a,2022-05-01,0,1,5,17,1,1,3256,1,0,0,5827.76,1,2276.89,5188,-2203.64,7048.27,4576.19,7580,0,5303.11,-2571.76,1051292.99
353b01bd-099b-4732-b5dd-bced6c71fc8a,2022-05-02,1,2,5,18,0,0,5001,1,4389,1,0,0,-2571.76,3703,10043,5939.73,4563.92,3256,0,5827.76,612,1051904.99
353b01bd-099b-4732-b5dd-bced6c71fc8a,2022-05-03,2,3,5,18,0,0,7214,1,0,0,0,0,612,8679,-1113,5498.16,4249.56,5001,4389,0,7214,1059118.99
353b01bd-099b-4732-b5dd-bced6c71fc8a,2022-05-04,3,4,5,18,0,0,9862,1,7519,1,0,0,7214,10369,8129,5288.88,4527.12,7214,0,0,2343,1061461.99
353b01bd-099b-4732-b5dd-bced6c71fc8a,2022-05-05,4,5,5,18,0,0,8732,1,0,0,0,0,2343,6131,7654,4142.3,4334.26,9862,7519,0,8732,1070193.99
353b01bd-099b-4732-b5dd-bced6c71fc8a,2022-05-06,5,6,5,18,0,0,13216,1,4927,1,0,0,8732,12991,5638,4513.88,4370.19,8732,0,0,8289,1078482.99
353b01bd-099b-4732-b5dd-bced6c71fc8a,2022-05-07,6,7,5,18,1,0,13758,1,0,0,0,0,8289,2276.89,-1354,3842.16,4458.56,13216,4927,0,13758,1092240.99
353b01bd-099b-4732-b5dd-bced6c71fc8a,2022-05-08,0,8,5,18,1,0,7296,1,5271,1,0,0,13758,-2571.76,8126,5482.32,4962.29,13758,0,0,2025,1094265.99
353b01bd-099b-4732-b5dd-bced6c71fc8a,2022-05-09,1,9,5,19,0,0,5431,1,0,0,0,0,2025,612,2792,6139,4758.92,7296,5271,0,5431,1099696.99
353b01bd-099b-4732-b5dd-bced6c71fc8a,2022-05-10,2,10,5,19,0,1,10943,1,3144,1,0,0,5431,7214,7529,6827.43,4846.89,5431,0,0,7799,1107495.99
353b01bd-099b-4732-b5dd-bced6c71fc8a,2022-05-11,3,11,5,19,0,0,8547,1,0,0,0,0,7799,2343,353,6911,4855.89,10943,3144,0,8547,1116042.99
353b01bd-099b-4732-b5dd-bced6c71fc8a,2022-05-12,4,12,5,19,0,0,9665,1,5402,1,0,0,8547,8732,6862,7797.29,5129.02,8547,0,0,4263,1120305.99
353b01bd-099b-4732-b5dd-bced6c71fc8a,2022-05-13,5,13,5,19,0,0,8110,1,0,0,0,0,4263,8289,3673,7158.86,5042.39,9665,5402,0,8110,1128415.99
353b01bd-099b-4732-b5dd-bced6c71fc8a,2022-05-14,6,14,5,19,1,0,12559,1,7488,1,0,0,8110,13758,5757,7133.29,5190.29,8110,0,0,5071,1133486.99
353b01bd-099b-4732-b5dd-bced6c71fc8a,2022-05-15,0,15,5,19,1,0,4423,1,0,0,6272.28,1,5071,2025,1484.31,5892.29,5167.42,12559,7488,0,-1849.28,1131637.71
353b01bd-099b-4732-b5dd-bced6c71fc8a,2022-05-16,1,16,5,20,0,0,7336,1,7861,1,0,0,-1849.28,5431,6898,5338.82,5056.3,4423,0,6272.28,-525,1131112.71
353b01bd-099b-4732-b5dd-bced6c71fc8a,2022-05-17,2,17,5,20,0,0,4759,1,0,0,0,0,-525,7799,4229,4487.96,4808.87,7336,7861,0,4759,1135871.71
353b01bd-099b-4732-b5dd-bced6c71fc8a,2022-05-18,3,18,5,20,0,0,10446,1,0,0,0,0,4759,8547,4152,4053.67,4826.54,4759,0,0,10446,1146317.71
353b01bd-099b-4732-b5dd-bced6c71fc8a,2022-05-19,4,19,5,20,0,0,8165,1,5152,1,0,0,10446,4263,-3973,4324.96,5036.34,10446,0,0,3013,1149330.71
353b01bd-099b-4732-b5dd-bced6c71fc8a,2022-05-20,5,20,5,20,0,0,8905,1,0,0,1028.55,1,3013,8110,4413.25,4146.39,5269.2,8165,5152,0,7876.45,1157207.16
353b01bd-099b-4732-b5dd-bced6c71fc8a,2022-05-21,6,21,5,20,1,0,12775,1,0,0,0,0,7876.45,5071,2609,4113.02,5384.64,8905,0,1028.55,12775,1169982.16
353b01bd-099b-4732-b5dd-bced6c71fc8a,2022-05-22,0,22,5,20,1,0,4078,1,0,0,0,0,12775,-1849.28,4508,5213.6,5723.51,12775,0,0,4078,1174060.16
353b01bd-099b-4732-b5dd-bced6c71fc8a,2022-05-23,1,23,5,21,0,0,6892,1,7571,1,0,0,4078,-525,1742,6060.35,5709.18,4078,0,0,-679,1173381.16
353b01bd-099b-4732-b5dd-bced6c71fc8a,2022-05-24,2,24,5,21,0,0,8246,1,0,0,0,0,-679,4759,5188,6038.35,5628.48,6892,7571,0,8246,1181627.16
353b01bd-099b-4732-b5dd-bced6c71fc8a,2022-05-25,3,25,5,21,0,0,8417,1,7867,1,0,0,8246,10446,3703,6536.49,5730.41,8246,0,0,550,1182177.16
353b01bd-099b-4732-b5dd-bced6c71fc8a,2022-05-26,4,26,5,21,0,0,6949,1,0,0,0,0,550,3013,8679,5122.78,5625.31,8417,7867,0,6949,1189126.16
353b01bd-099b-4732-b5dd-bced6c71fc8a,2022-05-27,5,27,5,21,0,0,9072,1,0,0,0,0,6949,7876.45,10369,5685.06,5567.64,6949,0,0,9072,1198198.16
353b01bd-099b-4732-b5dd-bced6c71fc8a,2022-05-28,6,28,5,21,1,0,6284,1,3225,1,0,0,9072,12775,6131,5855.86,5524.41,9072,0,0,3059,1201257.16
353b01bd-099b-4732-b5dd-bced6c71fc8a,2022-05-29,0,29,5,21,1,0,7146,1,0,0,0,0,3059,4078,12991,4467.86,5422.01,6284,3225,0,7146,1208403.16
353b01bd-099b-4732-b5dd-bced6c71fc8a,2022-05-30,1,30,5,22,0,0,7390,1,4824,1,0,0,7146,-679,2276.89,4906.14,5227.18,7146,0,0,2566,1210969.16
353b01bd-099b-4732-b5dd-bced6c71fc8a,2022-05-31,2,31,5,22,0,0,6447,1,0,0,5678.13,1,2566,8246,-2571.76,5369.71,5236.81,7390,4824,0,768.87,1211738.03
353b01bd-099b-4732-b5dd-bced6c71fc8a,2022-06-01,3,1,6,22,0,0,9059,1,0,0,5932.78,1,768.87,550,612,4301.55,5348.17,6447,0,5678.13,3126.22,1214864.25
353b01bd-099b-4732-b5dd-bced6c71fc8a,2022-06-02,4,2,6,22,0,0,4323,1,0,0,0,0,3126.22,6949,7214,4669.58,5431.98,9059,0,5932.78,4323,1219187.25
353b01bd-099b-4732-b5dd-bced6c71fc8a,2022-06-03,5,3,6,22,0,0,9414,1,4512,1,0,0,4323,9072,2343,4294.44,5335.61,4323,0,0,4902,1224089.25
353b01bd-099b-4732-b5dd-bced6c71fc8a,2022-06-04,6,4,6,22,1,0,6018,1,0,0,0,0,4902,3059,8732,3698.73,5420.91,9414,4512,0,6018,1230107.25
353b01bd-099b-4732-b5dd-bced6c71fc8a,2022-06-05,0,5,6,22,1,0,4079,1,4161,1,0,0,6018,7146,8289,4121.44,5330.44,6018,0,0,-82,1230025.25
353b01bd-099b-4732-b5dd-bced6c71fc8a,2022-06-06,1,6,6,23,0,0,6230,1,0,0,0,0,-82,2566,13758,3088.87,5051.41,4079,4161,0,6230,1236255.25
353b01bd-099b-4732-b5dd-bced6c71fc8a,2022-06-07,2,7,6,23,0,0,7415,1,3722,1,0,0,6230,768.87,2025,3612.3,4800.48,6230,0,0,3693,1239948.25
353b01bd-099b-4732-b5dd-bced6c71fc8a,2022-06-08,3,8,6,23,0,0,6800,1,0,0,0,0,3693,3126.22,5431,4030.03,4856.08,7415,3722,0,6800,1246748.25
353b01bd-099b-4732-b5dd-bced6c71fc8a,2022-06-09,4,9,6,23,0,0,8761,1,0,0,0,0,6800,4323,7799,4554.86,4901.71,6800,0,0,8761,1255509.25
353b01bd-099b-4732-b5dd-bced6c71fc8a,2022-06-10,5,10,6,23,0,0,13304,1,7758,1,0,0,8761,4902,8547,5188.86,4933.78,8761,0,0,5546,1261055.25
353b01bd-099b-4732-b5dd-bced6c71fc8a,2022-06-11,6,11,6,23,1,0,11779,1,0,0,0,0,5546,6018,4263,5280.86,4833.74,13304,7758,0,11779,1272834.25
353b01bd-099b-4732-b5dd-bced6c71fc8a,2022-06-12,0,12,6,23,1,0,3849,1,0,0,0,0,11779,-82,8110,6103.86,5084.28,11779,0,0,3849,1276683.25
353b01bd-099b-4732-b5dd-bced6c71fc8a,2022-06-13,1,13,6,24,0,0,4120,1,5946,1,0,0,3849,6230,5071,6665.43,4942.24,3849,0,0,-1826,1274857.25
353b01bd-099b-4732-b5dd-bced6c71fc8a,2022-06-14,2,14,6,24,0,0,3927,1,0,0,0,0,-1826,3693,-1849.28,5514.57,4712.34,4120,5946,0,3927,1278784.25
353b01bd-099b-4732-b5dd-bced6c71fc8a,2022-06-15,3,15,6,24,0,0,6782,1,0,0,4270.18,1,3927,6800,-525,5548,4904.88,3927,0,0,2511.82,1281296.07
353b01bd-099b-4732-b5dd-bced6c71fc8a,2022-06-16,4,16,6,24,0,0,10319,1,0,0,0,0,2511.82,8761,4759,4935.4,5006.11,6782,0,4270.18,10319,1291615.07
353b01bd-099b-4732-b5dd-bced6c71fc8a,2022-06-17,5,17,6,24,0,0,10295,1,7342,1,0,0,10319,5546,10446,5157.97,5191.45,10319,0,0,2953,1294568.07
353b01bd-099b-4732-b5dd-bced6c71fc8a,2022-06-18,6,18,6,24,1,0,8564,1,0,0,0,0,2953,11779,3013,4787.55,4941.68,10295,7342,0,8564,1303132.07
353b01bd-099b-4732-b5dd-bced6c71fc8a,2022-06-19,0,19,6,24,1,0,5952,1,0,0,0,0,8564,3849,7876.45,4328.26,5126.71,8564,0,0,5952,1309084.07
353b01bd-099b-4732-b5dd-bced6c71fc8a,2022-06-20,1,20,6,25,0,0,8161,1,0,0,818.62,1,5952,-1826,12775,4628.69,5062.56,5952,0,0,7342.38,1316426.45
353b01bd-099b-4732-b5dd-bced6c71fc8a,2022-06-21,2,21,6,25,0,0,7125,1,7781,1,0,0,7342.38,3927,4078,5938.46,4881.48,8161,0,818.62,-656,1315770.45
353b01bd-099b-4732-b5dd-bced6c71fc8a,2022-06-22,3,22,6,25,0,0,6518,1,0,0,0,0,-656,2511.82,-679,5283.74,4723.68,7125,7781,0,6518,1322288.45
353b01bd-099b-4732-b5dd-bced6c71fc8a,2022-06-23,4,23,6,25,0,0,7879,1,0,0,0,0,6518,10319,8246,5856.05,4963.58,6518,0,0,7879,1330167.45
353b01bd-099b-4732-b5dd-bced6c71fc8a,2022-06-24,5,24,6,25,0,0,5247,1,0,0,0,0,7879,2953,550,5507.48,4951.34,7879,0,0,5247,1335414.45
353b01bd-099b-4732-b5dd-bced6c71fc8a,2022-06-25,6,25,6,25,1,0,10120,1,6028,1,0,0,5247,8564,6949,5835.2,5107.91,5247,0,0,4092,1339506.45
353b01bd-099b-4732-b5dd-bced6c71fc8a,2022-06-26,0,26,6,25,1,0,4608,1,0,0,0,0,4092,5952,9072,5196.34,5012.68,10120,6028,0,4608,1344114.45
353b01bd-099b-4732-b5dd-bced6c71fc8a,2022-06-27,1,27,6,26,0,0,8756,1,0,0,0,0,4608,7342.38,3059,5004.34,4863.88,4608,0,0,8756,1352870.45
353b01bd-099b-4732-b5dd-bced6c71fc8a,2022-06-28,2,28,6,26,0,0,3672,1,6049,1,0,0,8756,-656,7146,5206.29,5053.78,8756,0,0,-2377,1350493.45
353b01bd-099b-4732-b5dd-bced6c71fc8a,2022-06-29,3,29,6,26,0,0,7978,1,0,0,0,0,-2377,6518,2566,4960.43,4736.34,3672,6049,0,7978,1358471.45
353b01bd-099b-4732-b5dd-bced6c71fc8a,2022-06-30,4,30,6,26,0,0,10573,1,4136,1,5000.4,1,7978,7879,768.87,5169,4916.74,7978,0,0,1436.6,1359908.05
353b01bd-099b-4732-b5dd-bced6c71fc8a,2022-07-01,5,1,7,26,0,0,7143,1,0,0,5906.63,1,1436.6,5247,3126.22,4248.66,4939,10573,4136,5000.4,1236.37,1361144.42
353b01bd-099b-4732-b5dd-bced6c71fc8a,2022-07-02,6,2,7,26,1,0,7235,1,0,0,0,0,1236.37,4092,4323,3675.71,4876.01,7143,0,5906.63,7235,1368379.42
353b01bd-099b-4732-b5dd-bced6c71fc8a,2022-07-03,0,3,7,26,1,0,6716,1,6759,1,0,0,7235,4608,4902,4124.71,4973.07,7235,0,0,-43,1368336.42
353b01bd-099b-4732-b5dd-bced6c71fc8a,2022-07-04,1,4,7,27,0,0,5583,1,0,0,0,0,-43,8756,6018,3460.28,4808.24,6716,6759,0,5583,1373919.42
353b01bd-099b-4732-b5dd-bced6c71fc8a,2022-07-05,2,5,7,27,0,0,9484,1,3783,1,0,0,5583,-2377,-82,3007,4793.74,5583,0,0,5701,1379620.42
353b01bd-099b-4732-b5dd-bced6c71fc8a,2022-07-06,3,6,7,27,0,0,7116,1,0,0,0,0,5701,7978,6230,4161,4986.51,9484,3783,0,7116,1386736.42
353b01bd-099b-4732-b5dd-bced6c71fc8a,2022-07-07,4,7,7,27,0,0,9876,1,0,0,0,0,7116,1436.6,3693,4037.85,5016.04,7116,0,0,9876,1396612.42
353b01bd-099b-4732-b5dd-bced6c71fc8a,2022-07-08,5,8,7,27,0,0,8575,1,4061,1,0,0,9876,1236.37,6800,5243.48,5222.14,9876,0,0,4514,1401126.42
353b01bd-099b-4732-b5dd-bced6c71fc8a,2022-07-09,6,9,7,27,1,0,13915,1,0,0,0,0,4514,7235,8761,5711.71,5145.94,8575,4061,0,13915,1415041.42
353b01bd-099b-4732-b5dd-bced6c71fc8a,2022-07-10,0,10,7,27,1,0,4470,1,0,0,0,0,13915,-43,5546,6666,5317.74,13915,0,0,4470,1419511.42
353b01bd-099b-4732-b5dd-bced6c71fc8a,2022-07-11,1,11,7,28,0,0,7173,1,6127,1,0,0,4470,5583,11779,7310.71,5281.87,4470,0,0,1046,1420557.42
353b01bd-099b-4732-b5dd-bced6c71fc8a,2022-07-12,2,12,7,28,0,0,6513,1,0,0,0,0,1046,5701,3849,6662.57,4924.11,7173,6127,0,6513,1427070.42
353b01bd-099b-4732-b5dd-bced6c71fc8a,2022-07-13,3,13,7,28,0,0,9341,1,3947,1,0,0,6513,7116,-1826,6778.57,5012.91,6513,0,0,5394,1432464.42
353b01bd-099b-4732-b5dd-bced6c71fc8a,2022-07-14,4,14,7,28,0,0,4158,1,0,0,0,0,5394,9876,3927,6532.57,5253.57,9341,3947,0,4158,1436622.42
353b01bd-099b-4732-b5dd-bced6c71fc8a,2022-07-15,5,15,7,28,0,0,5317,1,6522,1,6185.33,1,4158,4514,2511.82,5715.71,5261.27,4158,0,0,-7390.33,1429232.09
353b01bd-099b-4732-b5dd-bced6c71fc8a,2022-07-16,6,16,7,28,1,0,7564,1,0,0,0,0,-7390.33,13915,10319,4015.1,4931.2,5317,6522,6185.33,7564,1436796.09
353b01bd-099b-4732-b5dd-bced6c71fc8a,2022-07-17,0,17,7,28,1,0,5704,1,0,0,0,0,7564,4470,2953,3107.81,4839.37,7564,0,0,5704,1442500.09
353b01bd-099b-4732-b5dd-bced6c71fc8a,2022-07-18,1,18,7,29,0,0,6555,1,0,0,0,0,5704,1046,8564,3284.1,4931.07,5704,0,0,6555,1449055.09
353b01bd-099b-4732-b5dd-bced6c71fc8a,2022-07-19,2,19,7,29,0,0,3191,1,0,0,0,0,6555,6513,5952,4071.1,4864.1,6555,0,0,3191,1452246.09
353b01bd-099b-4732-b5dd-bced6c71fc8a,2022-07-20,3,20,7,29,0,0,3682,1,3131,1,1230.3,1,3191,5394,7342.38,3596.52,4772.07,3191,0,0,-679.3,1451566.79
353b01bd-099b-4732-b5dd-bced6c71fc8a,2022-07-21,4,21,7,29,0,0,7536,1,0,0,0,0,-679.3,4158,-656,2728.91,4504.68,3682,3131,1230.3,7536,1459102.79
353b01bd-099b-4732-b5dd-bced6c71fc8a,2022-07-22,5,22,7,29,0,0,9427,1,0,0,0,0,7536,-7390.33,6518,3211.48,4777.74,7536,0,0,9427,1468529.79
353b01bd-099b-4732-b5dd-bced6c71fc8a,2022-07-23,6,23,7,29,1,0,12121,1,4202,1,0,0,9427,7564,7879,5613.96,4874.71,9427,0,0,7919,1476448.79
353b01bd-099b-4732-b5dd-bced6c71fc8a,2022-07-24,0,24,7,29,1,0,8115,1,0,0,0,0,7919,5704,5247,5664.67,4876.04,12121,4202,0,8115,1484563.79
353b01bd-099b-4732-b5dd-bced6c71fc8a,2022-07-25,1,25,7,30,0,0,7163,1,4795,1,0,0,8115,6555,4092,6009.1,4971.64,8115,0,0,2368,1486931.79
353b01bd-099b-4732-b5dd-bced6c71fc8a,2022-07-26,2,26,7,30,0,0,8536,1,0,0,0,0,2368,3191,4608,5410.96,4914.18,7163,4795,0,8536,1495467.79
353b01bd-099b-4732-b5dd-bced6c71fc8a,2022-07-27,3,27,7,30,0,0,10039,1,3408,1,0,0,8536,-679.3,8756,6174.53,5045.11,8536,0,0,6631,1502098.79
353b01bd-099b-4732-b5dd-bced6c71fc8a,2022-07-28,4,28,7,30,0,0,11195,1,0,0,0,0,6631,7536,-2377,7218.86,4974.28,10039,3408,0,11195,1513293.79
353b01bd-099b-4732-b5dd-bced6c71fc8a,2022-07-29,5,29,7,30,0,0,7205,1,5382,1,0,0,11195,9427,7978,7741.57,5426.68,11195,0,0,1823,1515116.79
353b01bd-099b-4732-b5dd-bced6c71fc8a,2022-07-30,6,30,7,30,1,0,6053,1,0,0,0,0,1823,7919,1436.6,6655.29,5221.51,7205,5382,0,6053,1521169.79
353b01bd-099b-4732-b5dd-bced6c71fc8a,2022-07-31,0,31,7,30,1,0,6373,1,0,0,5836.16,1,6053,8115,1236.37,6388.71,5375.39,6053,0,0,536.84,1521706.63
353b01bd-099b-4732-b5dd-bced6c71fc8a,2022-08-01,1,1,8,31,0,0,5013,1,0,0,6063.09,1,536.84,2368,7235,5306.12,5352.07,6373,0,5836.16,-1050.09,1520656.54
353b01bd-099b-4732-b5dd-bced6c71fc8a,2022-08-02,2,2,8,31,0,0,9675,1,0,0,0,0,-1050.09,8536,-43,4817.82,5075.9,5013,0,6063.09,9675,1530331.54
353b01bd-099b-4732-b5dd-bced6c71fc8a,2022-08-03,3,3,8,31,0,0,5519,1,0,0,0,0,9675,6631,5583,4980.54,5399.84,9675,0,0,5519,1535850.54
353b01bd-099b-4732-b5dd-bced6c71fc8a,2022-08-04,4,4,8,31,0,0,9585,1,4955,1,0,0,5519,11195,5701,4821.68,5397.7,5519,0,0,4630,1540480.54
353b01bd-099b-4732-b5dd-bced6c71fc8a,2022-08-05,5,5,8,31,0,0,12282,1,0,0,0,0,4630,1823,7116,3883.82,5362,9585,4955,0,12282,1552762.54
353b01bd-099b-4732-b5dd-bced6c71fc8a,2022-08-06,6,6,8,31,1,0,11053,1,0,0,0,0,12282,6053,9876,5377.96,5534.2,12282,0,0,11053,1563815.54
353b01bd-099b-4732-b5dd-bced6c71fc8a,2022-08-07,0,7,8,31,1,0,6362,1,0,0,0,0,11053,536.84,4514,6092.25,5573.44,11053,0,0,6362,1570177.54
353b01bd-099b-4732-b5dd-bced6c71fc8a,2022-08-08,1,8,8,32,0,0,6031,1,5462,1,0,0,6362,-1050.09,13915,6924.42,5635.04,6362,0,0,569,1570746.54
353b01bd-099b-4732-b5dd-bced6c71fc8a,2022-08-09,2,9,8,32,0,0,3830,1,0,0,0,0,569,9675,4470,7155.71,5190.17,6031,5462,0,3830,1574576.54
353b01bd-099b-4732-b5dd-bced6c71fc8a,2022-08-10,3,10,8,32,0,0,9595,1,3575,1,0,0,3830,5519,1046,6320.71,5168.84,3830,0,0,6020,1580596.54
353b01bd-099b-4732-b5dd-bced6c71fc8a,2022-08-11,4,11,8,32,0,0,8152,1,0,0,0,0,6020,4630,6513,6392.29,5334.64,9595,3575,0,8152,1588748.54
353b01bd-099b-4732-b5dd-bced6c71fc8a,2022-08-12,5,12,8,32,0,0,10276,1,0,0,0,0,8152,12282,5394,6895.43,5389.27,8152,0,0,10276,1599024.54
353b01bd-099b-4732-b5dd-bced6c71fc8a,2022-08-13,6,13,8,32,1,0,4842,1,5335,1,0,0,10276,11053,4158,6608.86,5552,10276,0,0,-493,1598531.54
353b01bd-099b-4732-b5dd-bced6c71fc8a,2022-08-14,0,14,8,32,1,0,7111,1,0,0,0,0,-493,6362,-7390.33,4959.43,5396.97,4842,5335,0,7111,1605642.54
353b01bd-099b-4732-b5dd-bced6c71fc8a,2022-08-15,1,15,8,33,0,0,6618,1,0,0,6787.69,1,7111,569,7564,5066.43,5880.35,7111,0,0,-169.69,1605472.85
353b01bd-099b-4732-b5dd-bced6c71fc8a,2022-08-16,2,16,8,33,0,0,7112,1,0,0,0,0,-169.69,3830,5704,4960.9,5622.56,6618,0,6787.69,7112,1612584.85
353b01bd-099b-4732-b5dd-bced6c71fc8a,2022-08-17,3,17,8,33,0,0,9413,1,4221,1,0,0,7112,6020,6555,5429.76,5669.49,7112,0,0,5192,1617776.85
353b01bd-099b-4732-b5dd-bced6c71fc8a,2022-08-18,4,18,8,33,0,0,5100,1,0,0,0,0,5192,8152,3191,5311.47,5624.06,9413,4221,0,5100,1622876.85
353b01bd-099b-4732-b5dd-bced6c71fc8a,2022-08-19,5,19,8,33,0,0,13207,1,3687,1,0,0,5100,10276,-679.3,4875.47,5687.69,5100,0,0,9520,1632396.85
353b01bd-099b-4732-b5dd-bced6c71fc8a,2022-08-20,6,20,8,33,1,0,13451,1,0,0,1317.66,1,9520,-493,7536,4767.47,6027.67,13207,3687,0,12133.34,1644530.19
353b01bd-099b-4732-b5dd-bced6c71fc8a,2022-08-21,0,21,8,33,1,0,4295,1,0,0,0,0,12133.34,7111,9427,6571.24,6180.91,13451,0,1317.66,4295,1648825.19
353b01bd-099b-4732-b5dd-bced6c71fc8a,2022-08-22,1,22,8,34,0,0,6890,1,0,0,0,0,4295,-169.69,7919,6168.95,6009.85,4295,0,0,6890,1655715.19
353b01bd-099b-4732-b5dd-bced6c71fc8a,2022-08-23,2,23,8,34,0,0,4994,1,7580,1,0,0,6890,7112,8115,7177.48,5975.55,6890,0,0,-2586,1653129.19
353b01bd-099b-4732-b5dd-bced6c71fc8a,2022-08-24,3,24,8,34,0,0,5422,1,0,0,0,0,-2586,5192,2368,5792.05,5618.85,4994,7580,0,5422,1658551.19
353b01bd-099b-4732-b5dd-bced6c71fc8a,2022-08-25,4,25,8,34,0,0,4887,1,0,0,0,0,5422,5100,8536,5824.91,5720.65,5422,0,0,4887,1663438.19
353b01bd-099b-4732-b5dd-bced6c71fc8a,2022-08-26,5,26,8,34,0,0,7740,1,5699,1,0,0,4887,9520,6631,5794.48,5599.01,4887,0,0,2041,1665479.19
353b01bd-099b-4732-b5dd-bced6c71fc8a,2022-08-27,6,27,8,34,1,0,8600,1,0,0,0,0,2041,12133.34,11195,4726.05,5446.01,7740,5699,0,8600,1674079.19
353b01bd-099b-4732-b5dd-bced6c71fc8a,2022-08-28,0,28,8,34,1,0,3225,1,5954,1,0,0,8600,4295,1823,4221.29,5359.51,8600,0,0,-2729,1671350.19
353b01bd-099b-4732-b5dd-bced6c71fc8a,2022-08-29,1,29,8,35,0,0,3613,1,0,0,0,0,-2729,6890,6053,3217.86,5207.78,3225,5954,0,3613,1674963.19
353b01bd-099b-4732-b5dd-bced6c71fc8a,2022-08-30,2,30,8,35,0,0,5841,1,0,0,0,0,3613,-2586,536.84,2749.71,5126.45,3613,0,0,5841,1680804.19
353b01bd-099b-4732-b5dd-bced6c71fc8a,2022-08-31,3,31,8,35,0,0,9305,1,4526,1,4650.72,1,5841,5422,-1050.09,3953.57,5303.25,5841,0,0,128.28,1680932.47
353b01bd-099b-4732-b5dd-bced6c71fc8a,2022-09-01,4,1,9,35,0,0,10055,1,0,0,5890.86,1,128.28,4887,9675,3197.33,5342.53,9305,4526,4650.72,4164.14,1685096.61
353b01bd-099b-4732-b5dd-bced6c71fc8a,2022-09-02,5,2,9,35,0,0,5226,1,5854,1,0,0,4164.14,2041,5519,3094.06,5158.84,10055,0,5890.86,-628,1684468.61
353b01bd-099b-4732-b5dd-bced6c71fc8a,2022-09-03,6,3,9,35,1,0,12993,1,0,0,0,0,-628,8600,4630,2712.77,4953.94,5226,5854,0,12993,1697461.61
353b01bd-099b-4732-b5dd-bced6c71fc8a,2022-09-04,0,4,9,35,1,0,3387,1,0,0,0,0,12993,-2729,12282,3340.35,5232.7,12993,0,0,3387,1700848.61
353b01bd-099b-4732-b5dd-bced6c71fc8a,2022-09-05,1,5,9,36,0,0,4763,1,7772,1,0,0,3387,3613,11053,4214.06,4936.2,3387,0,0,-3009,1697839.61
353b01bd-099b-4732-b5dd-bced6c71fc8a,2022-09-06,2,6,9,36,0,0,4094,1,0,0,0,0,-3009,5841,6362,3268.06,4467.47,4763,7772,0,4094,1701933.61
353b01bd-099b-4732-b5dd-bced6c71fc8a,2022-09-07,3,7,9,36,0,0,7608,1,6338,1,0,0,4094,128.28,569,3018.49,4391.87,4094,0,0,1270,1703203.61
353b01bd-099b-4732-b5dd-bced6c71fc8a,2022-09-08,4,8,9,36,0,0,10556,1,0,0,0,0,1270,4164.14,3830,3181.59,4415.24,7608,6338,0,10556,1713759.61
353b01bd-099b-4732-b5dd-bced6c71fc8a,2022-09-09,5,9,9,36,0,0,10322,1,0,0,0,0,10556,-628,6020,4094.71,4639.44,10556,0,0,10322,1724081.61
353b01bd-099b-4732-b5dd-bced6c71fc8a,2022-09-10,6,10,9,36,1,0,11697,1,5080,1,0,0,10322,12993,8152,5659,4782.84,10322,0,0,6617,1730698.61
353b01bd-099b-4732-b5dd-bced6c71fc8a,2022-09-11,0,11,9,36,1,0,3374,1,0,0,0,0,6617,3387,10276,4748.14,4731.67,11697,5080,0,3374,1734072.61
353b01bd-099b-4732-b5dd-bced6c71fc8a,2022-09-12,1,12,9,37,0,0,3566,1,4790,1,0,0,3374,-3009,-493,4746.29,4501.6,3374,0,0,-1224,1732848.61
353b01bd-099b-4732-b5dd-bced6c71fc8a,2022-09-13,2,13,9,37,0,0,3430,1,0,0,0,0,-1224,4094,7111,5001.29,4477.24,3566,4790,0,3430,1736278.61
353b01bd-099b-4732-b5dd-bced6c71fc8a,2022-09-14,3,14,9,37,0,0,9588,1,0,0,0,0,3430,1270,-169.69,4906.43,4354.54,3430,0,0,9588,1745866.61
353b01bd-099b-4732-b5dd-bced6c71fc8a,2022-09-15,4,15,9,37,0,0,5934,1,0,0,4387.13,1,9588,10556,7112,6094.71,4679.79,9588,0,0,1546.87,1747413.48
353b01bd-099b-4732-b5dd-bced6c71fc8a,2022-09-16,5,16,9,37,0,1,2931,1,0,0,0,0,1546.87,10322,5192,4807.7,4494.29,5934,0,4387.13,2931,1750344.48
353b01bd-099b-4732-b5dd-bced6c71fc8a,2022-09-17,6,17,9,37,1,0,7291,1,3990,1,0,0,2931,6617,5100,3751.84,4418.92,2931,0,0,3301,1753645.48
353b01bd-099b-4732-b5dd-bced6c71fc8a,2022-09-18,0,18,9,37,1,0,4230,1,0,0,0,0,3301,3374,9520,3278.12,4358.95,7291,3990,0,4230,1757875.48
353b01bd-099b-4732-b5dd-bced6c71fc8a,2022-09-19,1,19,9,38,0,0,5639,1,3631,1,0,0,4230,-1224,12133.34,3400.41,4182.62,4230,0,0,2008,1759883.48
353b01bd-099b-4732-b5dd-bced6c71fc8a,2022-09-20,2,20,9,38,0,0,7482,1,0,0,967.01,1,2008,3430,4295,3862.12,3845.11,5639,3631,0,6514.99,1766398.47
353b01bd-099b-4732-b5dd-bced6c71fc8a,2022-09-21,3,21,9,38,0,0,5551,1,7175,1,0,0,6514.99,9588,6890,4302.84,3919.11,7482,0,967.01,-1624,1764774.47
353b01bd-099b-4732-b5dd-bced6c71fc8a,2022-09-22,4,22,9,38,0,0,11136,1,0,0,0,0,-1624,1546.87,-2586,2701.12,3635.31,5551,7175,0,11136,1775910.47
353b01bd-099b-4732-b5dd-bced6c71fc8a,2022-09-23,5,23,9,38,0,0,4628,1,0,0,0,0,11136,2931,5422,4071,4092.71,11136,0,0,4628,1780538.47
353b01bd-099b-4732-b5dd-bced6c71fc8a,2022-09-24,6,24,9,38,1,0,7894,1,6093,1,0,0,4628,3301,4887,4313.43,4066.24,4628,0,0,1801,1782339.47
353b01bd-099b-4732-b5dd-bced6c71fc8a,2022-09-25,0,25,9,38,1,0,5243,1,0,0,0,0,1801,4230,2041,4099.14,3963.38,7894,6093,0,5243,1787582.47
353b01bd-099b-4732-b5dd-bced6c71fc8a,2022-09-26,1,26,9,39,0,0,6137,1,3651,1,0,0,5243,2008,8600,4243.86,4070.11,5243,0,0,2486,1790068.47
353b01bd-099b-4732-b5dd-bced6c71fc8a,2022-09-27,2,27,9,39,0,0,7378,1,0,0,0,0,2486,6514.99,-2729,4312.14,3866.31,6137,3651,0,7378,1797446.47
353b01bd-099b-4732-b5dd-bced6c71fc8a,2022-09-28,3,28,9,39,0,0,8282,1,5375,1,0,0,7378,-1624,3613,4435.43,4203.21,7378,0,0,2907,1800353.47
353b01bd-099b-4732-b5dd-bced6c71fc8a,2022-09-29,4,29,9,39,0,0,9679,1,0,0,0,0,2907,11136,5841,5082.71,4179.68,8282,5375,0,9679,1810032.47
353b01bd-099b-4732-b5dd-bced6c71fc8a,2022-09-30,5,30,9,39,0,0,10778,1,6344,1,6992.63,1,9679,4628,128.28,4874.57,4307.61,9679,0,0,-2558.63,1807473.84
353b01bd-099b-4732-b5dd-bced6c71fc8a,2022-10-01,6,1,10,39,1,0,7492,1,0,0,5925.73,1,-2558.63,1801,4164.14,3847.91,4218.05,10778,6344,6992.63,1566.27,1809040.11
353b01bd-099b-4732-b5dd-bced6c71fc8a,2022-10-02,0,2,10,39,1,0,2887,1,6082,1,0,0,1566.27,5243,-628,3814.38,4131.45,7492,0,5925.73,-3195,1805845.11
353b01bd-099b-4732-b5dd-bced6c71fc8a,2022-10-03,1,3,10,40,0,0,5300,1,0,0,0,0,-3195,2486,12993,2608.95,4045.88,2887,6082,0,5300,1811145.11
353b01bd-099b-4732-b5dd-bced6c71fc8a,2022-10-04,2,4,10,40,0,0,9864,1,6343,1,0,0,5300,7378,3387,3010.95,3789.45,5300,0,0,3521,1814666.11
353b01bd-099b-4732-b5dd-bced6c71fc8a,2022-10-05,3,5,10,40,0,0,6813,1,0,0,0,0,3521,2907,-3009,2459.95,3793.92,9864,6343,0,6813,1821479.11
353b01bd-099b-4732-b5dd-bced6c71fc8a,2022-10-06,4,6,10,40,0,0,10210,1,7702,1,0,0,6813,9679,4094,3017.95,4121.32,6813,0,0,2508,1823987.11
353b01bd-099b-4732-b5dd-bced6c71fc8a,2022-10-07,5,7,10,40,0,0,7132,1,0,0,0,0,2508,-2558.63,1270,1993.52,4068.45,10210,7702,0,7132,1831119.11
353b01bd-099b-4732-b5dd-bced6c71fc8a,2022-10-08,6,8,10,40,1,0,9753,1,3205,1,0,0,7132,1566.27,10556,3377.9,4263.85,7132,0,0,6548,1837667.11
353b01bd-099b-4732-b5dd-bced6c71fc8a,2022-10-09,0,9,10,40,1,0,6496,1,0,0,0,0,6548,-3195,10322,4089.57,4130.25,9753,3205,0,6496,1844163.11
353b01bd-099b-4732-b5dd-bced6c71fc8a,2022-10-10,1,10,10,41,0,0,4790,1,5071,1,0,0,6496,5300,6617,5474,4002.72,6496,0,0,-281,1843882.11
353b01bd-099b-4732-b5dd-bced6c71fc8a,2022-10-11,2,11,10,41,0,0,6137,1,0,0,0,0,-281,3521,3374,4676.71,3772.78,4790,5071,0,6137,1850019.11
353b01bd-099b-4732-b5dd-bced6c71fc8a,2022-10-12,3,12,10,41,0,0,7272,1,7742,1,0,0,6137,6813,-1224,5050.43,3864.88,6137,0,0,-470,1849549.11
353b01bd-099b-4732-b5dd-bced6c71fc8a,2022-10-13,4,13,10,41,0,0,5295,1,0,0,0,0,-470,2508,3430,4010,3890.02,7272,7742,0,5295,1854844.11
353b01bd-099b-4732-b5dd-bced6c71fc8a,2022-10-14,5,14,10,41,0,0,11611,1,0,0,0,0,5295,7132,9588,4408.14,3952.18,5295,0,0,11611,1866455.11
353b01bd-099b-4732-b5dd-bced6c71fc8a,2022-10-15,6,15,10,41,1,0,13373,1,5006,1,4919.41,1,11611,6548,1546.87,5048,4019.62,11611,0,0,3447.59,1869902.7
353b01bd-099b-4732-b5dd-bced6c71fc8a,2022-10-16,0,16,10,41,1,0,3664,1,0,0,0,0,3447.59,6496,2931,4605.08,4082.97,13373,5006,4919.41,3664,1873566.7
353b01bd-099b-4732-b5dd-bced6c71fc8a,2022-10-17,1,17,10,42,0,0,7370,1,0,0,0,0,3664,-281,3301,4200.51,4107.41,3664,0,0,7370,1880936.7
353b01bd-099b-4732-b5dd-bced6c71fc8a,2022-10-18,2,18,10,42,0,0,7359,1,0,0,0,0,7370,6137,4230,5293.51,4243.04,7370,0,0,7359,1888295.7
353b01bd-099b-4732-b5dd-bced6c71fc8a,2022-10-19,3,19,10,42,0,0,3470,1,4561,1,0,0,7359,-470,2008,5468.08,4347.34,7359,0,0,-1091,1887204.7
353b01bd-099b-4732-b5dd-bced6c71fc8a,2022-10-20,4,20,10,42,0,0,8209,1,0,0,877.16,1,-1091,5295,6514.99,5379.37,4244.04,3470,4561,0,7331.84,1894536.54
353b01bd-099b-4732-b5dd-bced6c71fc8a,2022-10-21,5,21,10,42,0,0,12027,1,0,0,0,0,7331.84,11611,-1624,5670.35,4271.27,8209,0,877.16,12027,1906563.54
353b01bd-099b-4732-b5dd-bced6c71fc8a,2022-10-22,6,22,10,42,1,0,5296,1,0,0,0,0,12027,3447.59,11136,5729.78,4726.3,12027,0,0,5296,1911859.54
353b01bd-099b-4732-b5dd-bced6c71fc8a,2022-10-23,0,23,10,42,1,0,3074,1,0,0,0,0,5296,3664,4628,5993.83,4531.64,5296,0,0,3074,1914933.54
353b01bd-099b-4732-b5dd-bced6c71fc8a,2022-10-24,1,24,10,43,0,0,2915,1,0,0,0,0,3074,7370,1801,5909.55,4479.84,3074,0,0,2915,1917848.54
353b01bd-099b-4732-b5dd-bced6c71fc8a,2022-10-25,2,25,10,43,0,0,7727,1,0,0,0,0,2915,7359,5243,5273.12,4516.97,2915,0,0,7727,1925575.54
353b01bd-099b-4732-b5dd-bced6c71fc8a,2022-10-26,3,26,10,43,0,0,4068,1,5626,1,0,0,7727,-1091,2486,5325.69,4599.77,7727,0,0,-1558,1924017.54
353b01bd-099b-4732-b5dd-bced6c71fc8a,2022-10-27,4,27,10,43,0,0,8484,1,0,0,0,0,-1558,7331.84,7378,5258.98,4464.97,4068,5626,0,8484,1932501.54
353b01bd-099b-4732-b5dd-bced6c71fc8a,2022-10-28,5,28,10,43,0,0,6785,1,7122,1,0,0,8484,12027,2907,5423.57,4501.84,8484,0,0,-337,1932164.54
353b01bd-099b-4732-b5dd-bced6c71fc8a,2022-10-29,6,29,10,43,1,0,8783,1,0,0,0,0,-337,5296,9679,3657.29,4393.7,6785,7122,0,8783,1940947.54
353b01bd-099b-4732-b5dd-bced6c71fc8a,2022-10-30,0,30,10,43,1,0,7596,1,3950,1,0,0,8783,3074,-2558.63,4155.43,4363.84,8783,0,0,3646,1944593.54
353b01bd-099b-4732-b5dd-bced6c71fc8a,2022-10-31,1,31,10,44,0,0,3517,1,0,0,6081.62,1,3646,2915,1566.27,4237.14,4570.66,7596,3950,0,-2564.62,1942028.92
353b01bd-099b-4732-b5dd-bced6c71fc8a,2022-11-01,2,1,11,44,0,0,4725,1,5093,1,6069,1,-2564.62,7727,-3195,3454.34,4432.96,3517,0,6081.62,-6437,1935591.92
353b01bd-099b-4732-b5dd-bced6c71fc8a,2022-11-02,3,2,11,44,0,1,5631,1,0,0,0,0,-6437,-1558,5300,1430.91,4324.89,4725,5093,6069,5631,1941222.92
353b01bd-099b-4732-b5dd-bced6c71fc8a,2022-11-03,4,3,11,44,0,0,6239,1,5443,1,0,0,5631,8484,3521,2457.91,4335.93,5631,0,0,796,1942018.92
353b01bd-099b-4732-b5dd-bced6c71fc8a,2022-11-04,5,4,11,44,0,0,6583,1,0,0,0,0,796,-337,6813,1359.63,4245.09,6239,5443,0,6583,1948601.92
353b01bd-099b-4732-b5dd-bced6c71fc8a,2022-11-05,6,5,11,44,1,0,8206,1,4121,1,0,0,6583,8783,2508,2348.2,4237.43,6583,0,0,4085,1952686.92
353b01bd-099b-4732-b5dd-bced6c71fc8a,2022-11-06,0,6,11,44,1,0,3226,1,0,0,0,0,4085,3646,7132,1677.05,4289.99,8206,4121,0,3226,1955912.92
353b01bd-099b-4732-b5dd-bced6c71fc8a,2022-11-07,1,7,11,45,0,0,5300,1,6693,1,0,0,3226,-2564.62,6548,1617.05,4159.79,3226,0,0,-1393,1954519.92
353b01bd-099b-4732-b5dd-bced6c71fc8a,2022-11-08,2,8,11,45,0,0,9354,1,0,0,0,0,-1393,-6437,6496,1784.43,3895.09,5300,6693,0,9354,1963873.92
353b01bd-099b-4732-b5dd-bced6c71fc8a,2022-11-09,3,9,11,45,0,0,8852,1,3196,1,0,0,9354,5631,-281,4040.29,3990.36,9354,0,0,5656,1969529.92
353b01bd-099b-4732-b5dd-bced6c71fc8a,2022-11-10,4,10,11,45,0,0,10898,1,0,0,0,0,5656,796,6137,4043.86,4188.26,8852,3196,0,10898,1980427.92
353b01bd-099b-4732-b5dd-bced6c71fc8a,2022-11-11,5,11,11,45,0,0,11618,1,6109,1,0,0,10898,6583,-470,5487,4346.96,10898,0,0,5509,1985936.92
353b01bd-099b-4732-b5dd-bced6c71fc8a,2022-11-12,6,12,11,45,1,0,12756,1,0,0,0,0,5509,4085,5295,5333.57,4546.26,11618,6109,0,12756,1998692.92
353b01bd-099b-4732-b5dd-bced6c71fc8a,2022-11-13,0,13,11,45,1,0,4283,1,0,0,0,0,12756,3226,11611,6572.29,4794.96,12756,0,0,4283,2002975.92
353b01bd-099b-4732-b5dd-bced6c71fc8a,2022-11-14,1,14,11,46,0,0,4663,1,6066,1,0,0,4283,-1393,3447.59,6723.29,4550.69,4283,0,0,-1403,2001572.92
353b01bd-099b-4732-b5dd-bced6c71fc8a,2022-11-15,2,15,11,46,0,0,3461,1,0,0,4572.6,1,-1403,9354,3664,6721.86,4389.01,4663,6066,0,-1111.6,2000461.32
353b01bd-099b-4732-b5dd-bced6c71fc8a,2022-11-16,3,16,11,46,0,0,6357,1,6065,1,0,0,-1111.6,5656,7370,5226.77,4229.82,3461,0,4572.6,292,2000753.32
353b01bd-099b-4732-b5dd-bced6c71fc8a,2022-11-17,4,17,11,46,0,0,11239,1,0,0,0,0,292,10898,7359,4460.49,3993.89,6357,6065,0,11239,2011992.32
353b01bd-099b-4732-b5dd-bced6c71fc8a,2022-11-18,5,18,11,46,0,0,4461,1,0,0,0,0,11239,5509,-1091,4509.2,4123.22,11239,0,0,4461,2016453.32
353b01bd-099b-4732-b5dd-bced6c71fc8a,2022-11-19,6,19,11,46,1,0,11841,1,5804,1,0,0,4461,12756,7331.84,4359.49,4308.29,4461,0,0,6037,2022490.32
353b01bd-099b-4732-b5dd-bced6c71fc8a,2022-11-20,0,20,11,46,1,1,7777,1,0,0,981.02,1,6037,4283,12027,3399.63,4265.13,11841,5804,0,6795.98,2029286.3
353b01bd-099b-4732-b5dd-bced6c71fc8a,2022-11-21,1,21,11,47,0,0,7089,1,0,0,0,0,6795.98,-1403,5296,3758.63,4090.76,7777,0,981.02,7089,2036375.3
353b01bd-099b-4732-b5dd-bced6c71fc8a,2022-11-22,2,22,11,47,0,0,4154,1,6002,1,0,0,7089,-1111.6,3074,4971.77,4150.53,7089,0,0,-1848,2034527.3
353b01bd-099b-4732-b5dd-bced6c71fc8a,2022-11-23,3,23,11,47,0,0,6673,1,0,0,0,0,-1848,292,2915,4866.57,3986.46,4154,6002,0,6673,2041200.3
353b01bd-099b-4732-b5dd-bced6c71fc8a,2022-11-24,4,24,11,47,0,0,6111,1,5253,1,0,0,6673,11239,7727,5778.14,4111.73,6673,0,0,858,2042058.3
353b01bd-099b-4732-b5dd-bced6c71fc8a,2022-11-25,5,25,11,47,0,0,12777,1,0,0,0,0,858,4461,-1558,4295.14,3882.76,6111,5253,0,12777,2054835.3
353b01bd-099b-4732-b5dd-bced6c71fc8a,2022-11-26,6,26,11,47,1,0,7334,1,6316,1,0,0,12777,6037,8484,5483.14,4360.59,12777,0,0,1018,2055853.3
353b01bd-099b-4732-b5dd-bced6c71fc8a,2022-11-27,0,27,11,47,1,0,6284,1,0,0,0,0,1018,6795.98,-337,4766.14,4111.73,7334,6316,0,6284,2062137.3
353b01bd-099b-4732-b5dd-bced6c71fc8a,2022-11-28,1,28,11,48,0,0,5958,1,0,0,0,0,6284,7089,8783,4693,4332.43,6284,0,0,5958,2068095.3
353b01bd-099b-4732-b5dd-bced6c71fc8a,2022-11-29,2,29,11,48,0,0,8297,1,3836,1,0,0,5958,-1848,3646,4531.43,4238.26,5958,0,0,4461,2072556.3
353b01bd-099b-4732-b5dd-bced6c71fc8a,2022-11-30,3,30,11,48,0,0,6129,1,0,0,6266.77,1,4461,6673,-2564.62,5432.71,4265.43,8297,3836,0,-137.77,2072418.53
353b01bd-099b-4732-b5dd-bced6c71fc8a,2022-12-01,4,1,12,48,0,0,7784,1,0,0,6075.11,1,-137.77,858,-6437,4459.75,4346.32,6129,0,6266.77,1708.89,2074127.42
353b01bd-099b-4732-b5dd-bced6c71fc8a,2022-12-02,5,2,12,48,0,0,10642,1,0,0,0,0,1708.89,12777,5631,4581.3,4617.85,7784,0,6075.11,10642,2084769.42
353b01bd-099b-4732-b5dd-bced6c71fc8a,2022-12-03,6,3,12,48,1,0,4832,1,3692,1,0,0,10642,1018,796,4276.3,4784.88,10642,0,0,1140,2085909.42
353b01bd-099b-4732-b5dd-bced6c71fc8a,2022-12-04,0,4,12,48,1,0,5657,1,0,0,0,0,1140,6284,6583,4293.73,4796.35,4832,3692,0,5657,2091566.42
353b01bd-099b-4732-b5dd-bced6c71fc8a,2022-12-05,1,5,12,49,0,0,3134,1,6780,1,0,0,5657,5958,4085,4204.16,4765.48,5657,0,0,-3646,2087920.42
353b01bd-099b-4732-b5dd-bced6c71fc8a,2022-12-06,2,6,12,49,0,0,6243,1,0,0,0,0,-3646,4461,3226,2832.16,4507.78,3134,6780,0,6243,2094163.42
353b01bd-099b-4732-b5dd-bced6c71fc8a,2022-12-07,3,7,12,49,0,0,6346,1,0,0,0,0,6243,-137.77,-1393,3086.73,4608.35,6243,0,0,6346,2100509.42
353b01bd-099b-4732-b5dd-bced6c71fc8a,2022-12-08,4,8,12,49,0,0,4024,1,0,0,0,0,6346,1708.89,9354,4012.98,4866.32,6346,0,0,4024,2104533.42
353b01bd-099b-4732-b5dd-bced6c71fc8a,2022-12-09,5,9,12,49,0,0,6492,1,4137,1,0,0,4024,10642,5656,4343.71,4688.65,4024,0,0,2355,2106888.42
353b01bd-099b-4732-b5dd-bced6c71fc8a,2022-12-10,6,10,12,49,1,0,12968,1,0,0,0,0,2355,1140,10898,3159.86,4578.62,6492,4137,0,12968,2119856.42
353b01bd-099b-4732-b5dd-bced6c71fc8a,2022-12-11,0,11,12,49,1,0,4360,1,0,0,0,0,12968,5657,5509,4849.57,4647.62,12968,0,0,4360,2124216.42
353b01bd-099b-4732-b5dd-bced6c71fc8a,2022-12-12,1,12,12,50,0,0,5944,1,6210,1,0,0,4360,-3646,12756,4664.29,4609.32,4360,0,0,-266,2123950.42
353b01bd-099b-4732-b5dd-bced6c71fc8a,2022-12-13,2,13,12,50,0,0,4691,1,0,0,0,0,-266,6243,4283,5147.14,4175.25,5944,6210,0,4691,2128641.42
353b01bd-099b-4732-b5dd-bced6c71fc8a,2022-12-14,3,14,12,50,0,0,9860,1,0,0,0,0,4691,6346,-1403,4925.43,4188.85,4691,0,0,9860,2138501.42
353b01bd-099b-4732-b5dd-bced6c71fc8a,2022-12-15,4,15,12,50,0,0,9740,1,0,0,5940.62,1,9860,4024,-1111.6,5427.43,4564.28,9860,0,0,3799.38,2142300.8
353b01bd-099b-4732-b5dd-bced6c71fc8a,2022-12-16,5,16,12,50,0,0,8410,1,0,0,0,0,3799.38,2355,292,5395.34,4727.98,9740,0,5940.62,8410,2150710.8
353b01bd-099b-4732-b5dd-bced6c71fc8a,2022-12-17,6,17,12,50,1,0,11398,1,0,0,0,0,8410,12968,11239,6260.34,4998.58,8410,0,0,11398,2162108.8
353b01bd-099b-4732-b5dd-bced6c71fc8a,2022-12-18,0,18,12,50,1,0,4273,1,3186,1,0,0,11398,4360,4461,6036.05,5003.88,11398,0,0,1087,2163195.8
353b01bd-099b-4732-b5dd-bced6c71fc8a,2022-12-19,1,19,12,51,0,0,3409,1,0,0,0,0,1087,-266,6037,5568.48,4891.42,4273,3186,0,3409,2166604.8
353b01bd-099b-4732-b5dd-bced6c71fc8a,2022-12-20,2,20,12,51,0,0,6105,1,0,0,1092.19,1,3409,4691,6795.98,6093.48,4803.82,3409,0,0,5012.81,2171617.61
353b01bd-099b-4732-b5dd-bced6c71fc8a,2022-12-21,3,21,12,51,0,0,5005,1,6663,1,0,0,5012.81,9860,7089,6139.46,4744.38,6105,0,1092.19,-1658,2169959.61
353b01bd-099b-4732-b5dd-bced6c71fc8a,2022-12-22,4,22,12,51,0,0,4318,1,0,0,0,0,-1658,3799.38,-1848,4494.03,4452.81,5005,6663,0,4318,2174277.61
353b01bd-099b-4732-b5dd-bced6c71fc8a,2022-12-23,5,23,12,51,0,0,7148,1,4889,1,0,0,4318,8410,6673,4568.12,4658.34,4318,0,0,2259,2176536.61
353b01bd-099b-4732-b5dd-bced6c71fc8a,2022-12-24,6,24,12,51,1,0,7344,1,0,0,0,0,2259,11398,858,3689.4,4511.21,7148,4889,0,7344,2183880.61
353b01bd-099b-4732-b5dd-bced6c71fc8a,2022-12-25,0,25,12,51,1,1,656,1,6316,1,0,0,7344,1087,12777,3110.26,4727.41,7344,0,0,-5660,2178220.61
353b01bd-099b-4732-b5dd-bced6c71fc8a,2022-12-26,1,26,12,52,0,0,3605,1,0,0,0,0,-5660,3409,1018,2146.4,4112.84,656,6316,0,3605,2181825.61
353b01bd-099b-4732-b5dd-bced6c71fc8a,2022-12-27,2,27,12,52,0,0,7255,1,0,0,0,0,3605,5012.81,6284,2174.4,4199.08,3605,0,0,7255,2189080.61
353b01bd-099b-4732-b5dd-bced6c71fc8a,2022-12-28,3,28,12,52,0,0,8599,1,7449,1,0,0,7255,-1658,5958,2494.71,4231.44,7255,0,0,1150,2190230.61
353b01bd-099b-4732-b5dd-bced6c71fc8a,2022-12-29,4,29,12,52,0,0,10189,1,0,0,0,0,1150,4318,4461,2895.86,4071.18,8599,7449,0,10189,2200419.61
353b01bd-099b-4732-b5dd-bced6c71fc8a,2022-12-30,5,30,12,52,0,0,11403,1,0,0,0,0,10189,2259,-137.77,3734.57,4262.11,10189,0,0,11403,2211822.61
353b01bd-099b-4732-b5dd-bced6c71fc8a,2022-12-31,6,31,12,52,1,0,9527,1,0,0,4433.66,1,11403,7344,1708.89,5040.86,4646.8,11403,0,0,5093.34,2216915.95
353b01bd-099b-4732-b5dd-bced6c71fc8a,2023-01-01,0,1,1,52,1,1,1725,1,5793,1,6034.13,1,5093.34,-5660,10642,4719.33,4759.62,9527,0,4433.66,-10102.13,2206813.82
353b01bd-099b-4732-b5dd-bced6c71fc8a,2023-01-02,1,2,1,1,0,0,4975,1,0,0,0,0,-10102.13,3605,1140,4084.74,4068.15,1725,5793,6034.13,4975,2211788.82
353b01bd-099b-4732-b5dd-bced6c71fc8a,2023-01-03,2,3,1,1,0,0,6479,1,7316,1,0,0,4975,7255,5657,4280.46,4195.98,4975,0,0,-837,2210951.82
353b01bd-099b-4732-b5dd-bced6c71fc8a,2023-01-04,3,4,1,1,0,0,3325,1,0,0,0,0,-837,1150,-3646,3124.46,3979.51,6479,7316,0,3325,2214276.82
353b01bd-099b-4732-b5dd-bced6c71fc8a,2023-01-05,4,5,1,1,0,0,4455,1,4881,1,0,0,3325,10189,6243,3435.17,4211.88,3325,0,0,-426,2213850.82
353b01bd-099b-4732-b5dd-bced6c71fc8a,2023-01-06,5,6,1,1,0,0,10101,1,0,0,0,0,-426,11403,6346,1918.74,3989.58,4455,4881,0,10101,2223951.82
353b01bd-099b-4732-b5dd-bced6c71fc8a,2023-01-07,6,7,1,1,1,0,5077,1,7157,1,0,0,10101,5093.34,4024,1732.74,4114.75,10101,0,0,-2080,2221871.82
353b01bd-099b-4732-b5dd-bced6c71fc8a,2023-01-08,0,8,1,1,1,0,5030,1,0,0,0,0,-2080,-10102.13,2355,707.98,3911.28,5077,7157,0,5030,2226901.82
353b01bd-099b-4732-b5dd-bced6c71fc8a,2023-01-09,1,9,1,2,0,0,6589,1,5416,1,0,0,5030,4975,12968,2869.71,4000.45,5030,0,0,1173,2228074.82
353b01bd-099b-4732-b5dd-bced6c71fc8a,2023-01-10,2,10,1,2,0,0,9791,1,0,0,0,0,1173,-837,4360,2326.57,3607.28,6589,5416,0,9791,2237865.82
353b01bd-099b-4732-b5dd-bced6c71fc8a,2023-01-11,3,11,1,2,0,0,4510,1,4945,1,0,0,9791,3325,-266,3844.86,3788.31,9791,0,0,-435,2237430.82
353b01bd-099b-4732-b5dd-bced6c71fc8a,2023-01-12,4,12,1,2,0,0,9423,1,0,0,0,0,-435,-426,4691,3307.71,3782.68,4510,4945,0,9423,2246853.82
353b01bd-099b-4732-b5dd-bced6c71fc8a,2023-01-13,5,13,1,2,0,0,13733,1,3681,1,0,0,9423,10101,9860,4714.71,3940.41,9423,0,0,10052,2256905.82
353b01bd-099b-4732-b5dd-bced6c71fc8a,2023-01-14,6,14,1,2,1,0,9964,1,0,0,0,0,10052,-2080,3799.38,4707.71,3946.81,13733,3681,0,9964,2266869.82
353b01bd-099b-4732-b5dd-bced6c71fc8a,2023-01-15,0,15,1,2,1,0,6515,1,0,0,4502.52,1,9964,5030,8410,6428.29,4152.3,9964,0,0,2012.48,2268882.3
353b01bd-099b-4732-b5dd-bced6c71fc8a,2023-01-16,1,16,1,3,0,0,3430,1,0,0,0,0,2012.48,1173,11398,5997.21,3939.05,6515,0,4502.52,3430,2272312.3
353b01bd-099b-4732-b5dd-bced6c71fc8a,2023-01-17,2,17,1,3,0,0,4889,1,0,0,0,0,3430,9791,1087,6319.64,3673.45,3430,0,0,4889,2277201.3
353b01bd-099b-4732-b5dd-bced6c71fc8a,2023-01-18,3,18,1,3,0,0,4367,1,0,0,0,0,4889,-435,3409,5619.35,3800.18,4889,0,0,4367,2281568.3
353b01bd-099b-4732-b5dd-bced6c71fc8a,2023-01-19,4,19,1,3,0,0,6091,1,4070,1,0,0,4367,9423,5012.81,6305.35,3832.12,4367,0,0,2021,2283589.3
353b01bd-099b-4732-b5dd-bced6c71fc8a,2023-01-20,5,20,1,3,0,0,10596,1,0,0,1296.13,1,2021,10052,-1658,5247.93,3732.39,6091,4070,0,9299.87,2292889.17
353b01bd-099b-4732-b5dd-bced6c71fc8a,2023-01-21,6,21,1,3,1,0,4910,1,6201,1,0,0,9299.87,9964,4318,5140.48,4097.65,10596,0,1296.13,-1291,2291598.17
353b01bd-099b-4732-b5dd-bced6c71fc8a,2023-01-22,0,22,1,3,1,0,5461,1,0,0,0,0,-1291,2012.48,2259,3532.62,3910.69,4910,6201,0,5461,2297059.17
353b01bd-099b-4732-b5dd-bced6c71fc8a,2023-01-23,1,23,1,4,0,0,6600,1,7858,1,0,0,5461,3430,7344,4025.27,4017.42,5461,0,0,-1258,2295801.17
353b01bd-099b-4732-b5dd-bced6c71fc8a,2023-01-24,2,24,1,4,0,0,9746,1,0,0,0,0,-1258,4889,-5660,3355.55,3730.69,6600,7858,0,9746,2305547.17
353b01bd-099b-4732-b5dd-bced6c71fc8a,2023-01-25,3,25,1,4,0,0,4635,1,3763,1,0,0,9746,4367,3605,4049.41,4244.22,9746,0,0,872,2306419.17
353b01bd-099b-4732-b5dd-bced6c71fc8a,2023-01-26,4,26,1,4,0,0,5140,1,0,0,0,0,872,2021,7255,3550.12,4153.12,4635,3763,0,5140,2311559.17
353b01bd-099b-4732-b5dd-bced6c71fc8a,2023-01-27,5,27,1,4,0,0,12349,1,0,0,0,0,5140,9299.87,1150,3995.7,4082.62,5140,0,0,12349,2323908.17
353b01bd-099b-4732-b5dd-bced6c71fc8a,2023-01-28,6,28,1,4,1,0,10054,1,0,0,0,0,12349,-1291,10189,4431.29,4455.92,12349,0,0,10054,2333962.17
353b01bd-099b-4732-b5dd-bced6c71fc8a,2023-01-29,0,29,1,4,1,0,7419,1,0,0,0,0,10054,5461,11403,6052,4451.42,10054,0,0,7419,2341381.17
353b01bd-099b-4732-b5dd-bced6c71fc8a,2023-01-30,1,30,1,5,0,0,3528,1,0,0,0,0,7419,-1258,5093.34,6331.71,4318.62,7419,0,0,3528,2344909.17
353b01bd-099b-4732-b5dd-bced6c71fc8a,2023-01-31,2,31,1,5,0,0,4362,1,0,0,6918.74,1,3528,9746,-10102.13,7015.43,4266.44,3528,0,0,-2556.74,2342352.43
353b01bd-099b-4732-b5dd-bced6c71fc8a,2023-02-01,3,1,2,5,0,0,5968,1,7227,1,6066.15,1,-2556.74,872,4975,5257.89,4517.95,4362,0,6918.74,-7325.15,2335027.28
353b01bd-099b-4732-b5dd-bced6c71fc8a,2023-02-02,4,2,2,5,0,0,9827,1,0,0,0,0,-7325.15,5140,-837,4086.87,4107.95,5968,7227,6066.15,9827,2344854.28
353b01bd-099b-4732-b5dd-bced6c71fc8a,2023-02-03,5,3,2,5,0,0,6464,1,6508,1,0,0,9827,12349,3325,4756.44,4463.42,9827,0,0,-44,2344810.28
353b01bd-099b-4732-b5dd-bced6c71fc8a,2023-02-04,6,4,2,5,1,0,9877,1,0,0,0,0,-44,10054,-426,2986.02,4351.12,6464,6508,0,9877,2354687.28
353b01bd-099b-4732-b5dd-bced6c71fc8a,2023-02-05,0,5,2,5,1,1,5684,1,0,0,0,0,9877,7419,10101,2960.73,4694.55,9877,0,0,5684,2360371.28
353b01bd-099b-4732-b5dd-bced6c71fc8a,2023-02-06,1,6,2,6,0,0,5357,1,4494,1,0,0,5684,3528,-2080,2712.87,4547.32,5684,0,0,863,2361234.28
353b01bd-099b-4732-b5dd-bced6c71fc8a,2023-02-07,2,7,2,6,0,0,5592,1,0,0,0,0,863,-2556.74,5030,2332.16,4645.42,5357,4494,0,5592,2366826.28
353b01bd-099b-4732-b5dd-bced6c71fc8a,2023-02-08,3,8,2,6,0,0,8194,1,6899,1,0,0,5592,-7325.15,1173,3496.26,4664.15,5592,0,0,1295,2368121.28
353b01bd-099b-4732-b5dd-bced6c71fc8a,2023-02-09,4,9,2,6,0,0,5395,1,0,0,0,0,1295,9827,9791,4727.71,4668.22,8194,6899,0,5395,2373516.28
353b01bd-099b-4732-b5dd-bced6c71fc8a,2023-02-10,5,10,2,6,0,0,12163,1,4924,1,0,0,5395,-44,-435,4094.57,4521.68,5395,0,0,7239,2380755.28
353b01bd-099b-4732-b5dd-bced6c71fc8a,2023-02-11,6,11,2,6,1,0,7737,1,0,0,0,0,7239,9877,9423,5135,4777.48,12163,4924,0,7737,2388492.28
353b01bd-099b-4732-b5dd-bced6c71fc8a,2023-02-12,0,12,2,6,1,0,7338,1,4403,1,0,0,7737,5684,10052,4829.29,4721.28,7737,0,0,2935,2391427.28
353b01bd-099b-4732-b5dd-bced6c71fc8a,2023-02-13,1,13,2,7,0,0,4553,1,0,0,0,0,2935,863,9964,4436.57,4484.05,7338,4403,0,4553,2395980.28
353b01bd-099b-4732-b5dd-bced6c71fc8a,2023-02-14,2,14,2,7,0,0,5931,1,0,0,0,0,4553,5592,2012.48,4963.71,4303.68,4553,0,0,5931,2401911.28
353b01bd-099b-4732-b5dd-bced6c71fc8a,2023-02-15,3,15,2,7,0,0,4160,1,0,0,6995.23,1,5931,1295,3430,5012.14,4434.3,5931,0,0,-2835.23,2399076.05
353b01bd-099b-4732-b5dd-bced6c71fc8a,2023-02-16,4,16,2,7,0,0,8068,1,3707,1,0,0,-2835.23,5395,4889,4422.11,4225.46,4160,0,6995.23,4361,2403437.05
353b01bd-099b-4732-b5dd-bced6c71fc8a,2023-02-17,5,17,2,7,0,0,12112,1,0,0,0,0,4361,7239,4367,4274.4,4207.86,8068,3707,0,12112,2415549.05
353b01bd-099b-4732-b5dd-bced6c71fc8a,2023-02-18,6,18,2,7,1,0,11705,1,4419,1,0,0,12112,7737,2021,4970.54,4466.02,12112,0,0,7286,2422835.05
353b01bd-099b-4732-b5dd-bced6c71fc8a,2023-02-19,0,19,2,7,1,0,3886,1,0,0,0,0,7286,2935,9299.87,4906.11,4641.52,11705,4419,0,3886,2426721.05
353b01bd-099b-4732-b5dd-bced6c71fc8a,2023-02-20,1,20,2,8,0,0,4687,1,6018,1,847.54,1,3886,4553,-1291,5041.97,4461.06,3886,0,0,-2178.54,2424542.51
353b01bd-099b-4732-b5dd-bced6c71fc8a,2023-02-21,2,21,2,8,0,0,3906,1,0,0,0,0,-2178.54,5931,5461,4080.32,4431.48,4687,6018,847.54,3906,2428448.51
353b01bd-099b-4732-b5dd-bced6c71fc8a,2023-02-22,3,22,2,8,0,0,9252,1,3208,1,0,0,3906,-2835.23,-1258,3791.03,4379.64,3906,0,0,6044,2434492.51
353b01bd-099b-4732-b5dd-bced6c71fc8a,2023-02-23,4,23,2,8,0,0,6430,1,0,0,0,0,6044,4361,9746,5059.49,4623.04,9252,3208,0,6430,2440922.51
353b01bd-099b-4732-b5dd-bced6c71fc8a,2023-02-24,5,24,2,8,0,0,9081,1,4027,1,0,0,6430,12112,872,5355.07,4512.51,6430,0,0,5054,2445976.51
353b01bd-099b-4732-b5dd-bced6c71fc8a,2023-02-25,6,25,2,8,1,0,7077,1,0,0,0,0,5054,7286,5140,4346.78,4651.91,9081,4027,0,7077,2453053.51
353b01bd-099b-4732-b5dd-bced6c71fc8a,2023-02-26,0,26,2,8,1,0,6765,1,6828,1,0,0,7077,3886,12349,4316.92,4716.48,7077,0,0,-63,2452990.51
353b01bd-099b-4732-b5dd-bced6c71fc8a,2023-02-27,1,27,2,9,0,0,7612,1,0,0,0,0,-63,-2178.54,10054,3752.78,4302.74,6765,6828,0,7612,2460602.51
353b01bd-099b-4732-b5dd-bced6c71fc8a,2023-02-28,2,28,2,9,0,0,4815,1,0,0,6325.8,1,7612,3906,7419,5151.43,4221.34,7612,0,0,-1510.8,2459091.71
353b01bd-099b-4732-b5dd-bced6c71fc8a,2023-03-01,3,1,3,9,0,0,7109,1,7245,1,6024.43,1,-1510.8,6044,3528,4377.6,3923.68,4815,0,6325.8,-6160.43,2452931.28
353b01bd-099b-4732-b5dd-bced6c71fc8a,2023-03-02,4,2,3,9,0,0,4580,1,0,0,0,0,-6160.43,6430,-2556.74,2634.11,3600.74,7109,7245,6024.43,4580,2457511.28
353b01bd-099b-4732-b5dd-bced6c71fc8a,2023-03-03,5,3,3,9,0,0,13480,1,0,0,0,0,4580,5054,-7325.15,2369.82,3838.63,4580,0,0,13480,2470991.28
353b01bd-099b-4732-b5dd-bced6c71fc8a,2023-03-04,6,4,3,9,1,0,13408,1,5945,1,0,0,13480,7077,9827,3573.54,4532.13,13480,0,0,7463,2478454.28
353b01bd-099b-4732-b5dd-bced6c71fc8a,2023-03-05,0,5,3,9,1,0,5086,1,0,0,0,0,7463,-63,-44,3628.68,4453.33,13408,5945,0,5086,2483540.28
353b01bd-099b-4732-b5dd-bced6c71fc8a,2023-03-06,1,6,3,10,0,0,6009,1,0,0,0,0,5086,7612,9877,4364.25,4624.33,5086,0,0,6009,2489549.28
353b01bd-099b-4732-b5dd-bced6c71fc8a,2023-03-07,2,7,3,10,0,0,3426,1,5592,1,0,0,6009,-1510.8,5684,4135.25,4495.4,6009,0,0,-2166,2487383.28
353b01bd-099b-4732-b5dd-bced6c71fc8a,2023-03-08,3,8,3,10,0,0,5496,1,0,0,0,0,-2166,-6160.43,863,4041.65,4233.73,3426,5592,0,5496,2492879.28
353b01bd-099b-4732-b5dd-bced6c71fc8a,2023-03-09,4,9,3,10,0,0,11434,1,0,0,0,0,5496,4580,5592,5706.86,4388.17,5496,0,0,11434,2504313.28
353b01bd-099b-4732-b5dd-bced6c71fc8a,2023-03-10,5,10,3,10,0,0,8829,1,0,0,0,0,11434,13480,1295,6686,4582.9,11434,0,0,8829,2513142.28
353b01bd-099b-4732-b5dd-bced6c71fc8a,2023-03-11,6,11,3,10,1,0,5698,1,6375,1,0,0,8829,7463,5395,6021.57,4834.03,8829,0,0,-677,2512465.28
353b01bd-099b-4732-b5dd-bced6c71fc8a,2023-03-12,0,12,3,10,1,0,5409,1,0,0,0,0,-677,5086,7239,4858.71,4631.63,5698,6375,0,5409,2517874.28
353b01bd-099b-4732-b5dd-bced6c71fc8a,2023-03-13,1,13,3,11,0,0,5240,1,5853,1,0,0,5409,6009,7737,4904.86,4570.63,5409,0,0,-613,2517261.28
353b01bd-099b-4732-b5dd-bced6c71fc8a,2023-03-14,2,14,3,11,0,0,8436,1,0,0,0,0,-613,-2166,2935,3958.86,4292.3,5240,5853,0,8436,2525697.28
353b01bd-099b-4732-b5dd-bced6c71fc8a,2023-03-15,3,15,3,11,0,0,3430,1,6032,1,6229.31,1,8436,5496,4553,5473.43,4475.67,8436,0,0,-8831.31,2516865.97
353b01bd-099b-4732-b5dd-bced6c71fc8a,2023-03-16,4,16,3,11,0,0,8085,1,0,0,0,0,-8831.31,11434,5931,3426.67,4029.52,3430,6032,6229.31,8085,2524950.97
353b01bd-099b-4732-b5dd-bced6c71fc8a,2023-03-17,5,17,3,11,0,0,10991,1,7483,1,0,0,8085,8829,-2835.23,2948.24,4101.32,8085,0,0,3508,2528458.97
353b01bd-099b-4732-b5dd-bced6c71fc8a,2023-03-18,6,18,3,11,1,0,7048,1,0,0,0,0,3508,-677,4361,2188.1,4312.76,10991,7483,0,7048,2535506.97
353b01bd-099b-4732-b5dd-bced6c71fc8a,2023-03-19,0,19,3,11,1,0,4220,1,0,0,0,0,7048,5409,12112,3291.67,4402.33,7048,0,0,4220,2539726.97
353b01bd-099b-4732-b5dd-bced6c71fc8a,2023-03-20,1,20,3,12,0,0,2843,1,6428,1,1158.8,1,4220,-613,7286,3121.81,4139.26,4220,0,0,-4743.8,2534983.17
353b01bd-099b-4732-b5dd-bced6c71fc8a,2023-03-21,2,21,3,12,0,1,4726,1,0,0,0,0,-4743.8,8436,3886,2531.7,3738.27,2843,6428,1158.8,4726,2539709.17
353b01bd-099b-4732-b5dd-bced6c71fc8a,2023-03-22,3,22,3,12,0,0,6751,1,6539,1,0,0,4726,-8831.31,-2178.54,2001.7,3766.27,4726,0,0,212,2539921.17
353b01bd-099b-4732-b5dd-bced6c71fc8a,2023-03-23,4,23,3,12,0,0,4048,1,0,0,0,0,212,8085,3906,3293.6,3845.96,6751,6539,0,4048,2543969.17
353b01bd-099b-4732-b5dd-bced6c71fc8a,2023-03-24,5,24,3,12,0,0,5937,1,3619,1,0,0,4048,3508,6044,2716.89,3850.69,4048,0,0,2318,2546287.17
353b01bd-099b-4732-b5dd-bced6c71fc8a,2023-03-25,6,25,3,12,1,0,8762,1,0,0,0,0,2318,7048,6430,2546.89,3726.49,5937,3619,0,8762,2555049.17
353b01bd-099b-4732-b5dd-bced6c71fc8a,2023-03-26,0,26,3,12,1,0,6540,1,0,0,0,0,8762,4220,5054,2791.74,3804.22,8762,0,0,6540,2561589.17
353b01bd-099b-4732-b5dd-bced6c71fc8a,2023-03-27,1,27,3,13,0,0,4567,1,7607,1,0,0,6540,-4743.8,7077,3123.17,3853.76,6540,0,0,-3040,2558549.17
353b01bd-099b-4732-b5dd-bced6c71fc8a,2023-03-28,2,28,3,13,0,0,8631,1,0,0,0,0,-3040,4726,-63,3366.57,3516.52,4567,7607,0,8631,2567180.17
353b01bd-099b-4732-b5dd-bced6c71fc8a,2023-03-29,3,29,3,13,0,0,6919,1,3052,1,0,0,8631,212,7612,3924.43,3806.32,8631,0,0,3867,2571047.17
353b01bd-099b-4732-b5dd-bced6c71fc8a,2023-03-30,4,30,3,13,0,0,7061,1,0,0,0,0,3867,4048,-1510.8,4446.57,3681.49,6919,3052,0,7061,2578108.17
353b01bd-099b-4732-b5dd-bced6c71fc8a,2023-03-31,5,31,3,13,0,0,5714,1,0,0,4703.09,1,7061,2318,-6160.43,4877,3967.22,7061,0,0,1010.91,2579119.08
353b01bd-099b-4732-b5dd-bced6c71fc8a,2023-04-01,6,1,4,13,1,0,8620,1,5500,1,5948.86,1,1010.91,8762,4580,4690.27,4206.26,5714,0,4703.09,-2828.86,2576290.22
353b01bd-099b-4732-b5dd-bced6c71fc8a,2023-04-02,0,2,4,13,1,0,4375,1,0,0,0,0,-2828.86,6540,13480,3034.44,3959.3,8620,5500,5948.86,4375,2580665.22
353b01bd-099b-4732-b5dd-bced6c71fc8a,2023-04-03,1,3,4,14,0,0,3023,1,0,0,0,0,4375,-3040,7463,2725.15,3655.8,4375,0,0,3023,2583688.22
353b01bd-099b-4732-b5dd-bced6c71fc8a,2023-04-04,2,4,4,14,0,0,8199,1,6202,1,0,0,3023,8631,5086,3591.29,3507.8,3023,0,0,1997,2585685.22
353b01bd-099b-4732-b5dd-bced6c71fc8a,2023-04-05,3,5,4,14,0,0,7767,1,0,0,0,0,1997,3867,6009,2643.58,3404.83,8199,6202,0,7767,2593452.22
353b01bd-099b-4732-b5dd-bced6c71fc8a,2023-04-06,4,6,4,14,0,0,6688,1,3180,1,0,0,7767,7061,-2166,3200.72,3463.43,7767,0,0,3508,2596960.22
353b01bd-099b-4732-b5dd-bced6c71fc8a,2023-04-07,5,7,4,14,0,0,8264,1,0,0,0,0,3508,1010.91,5496,2693.15,3652.56,6688,3180,0,8264,2605224.22
353b01bd-099b-4732-b5dd-bced6c71fc8a,2023-04-08,6,8,4,14,1,0,13936,1,6969,1,0,0,8264,-2828.86,11434,3729.31,3744.83,8264,0,0,6967,2612191.22
353b01bd-099b-4732-b5dd-bced6c71fc8a,2023-04-09,0,9,4,14,1,0,3051,1,0,0,0,0,6967,4375,8829,5128.71,3595.93,13936,6969,0,3051,2615242.22
353b01bd-099b-4732-b5dd-bced6c71fc8a,2023-04-10,1,10,4,15,0,0,4290,1,4593,1,0,0,3051,3023,-677,4939.57,3403.33,3051,0,0,-303,2614939.22
353b01bd-099b-4732-b5dd-bced6c71fc8a,2023-04-11,2,11,4,15,0,0,9029,1,0,0,0,0,-303,1997,5409,4464.43,3415.8,4290,4593,0,9029,2623968.22
353b01bd-099b-4732-b5dd-bced6c71fc8a,2023-04-12,3,12,4,15,0,0,8535,1,5624,1,0,0,9029,7767,-613,5469,3536.46,9029,0,0,2911,2626879.22
353b01bd-099b-4732-b5dd-bced6c71fc8a,2023-04-13,4,13,4,15,0,0,8165,1,0,0,0,0,2911,3508,8436,4775.29,3653.93,8535,5624,0,8165,2635044.22
353b01bd-099b-4732-b5dd-bced6c71fc8a,2023-04-14,5,14,4,15,0,0,7621,1,6406,1,0,0,8165,8264,-8831.31,5440.57,3644.9,8165,0,0,1215,2636259.22
353b01bd-099b-4732-b5dd-bced6c71fc8a,2023-04-15,6,15,4,15,1,0,5290,1,0,0,5156.31,1,1215,6967,8085,4433.57,3979.78,7621,6406,0,133.69,2636392.91
353b01bd-099b-4732-b5dd-bced6c71fc8a,2023-04-16,0,16,4,15,1,0,4205,1,3856,1,0,0,133.69,3051,3508,3457.38,3714.73,5290,0,5156.31,349,2636741.91
353b01bd-099b-4732-b5dd-bced6c71fc8a,2023-04-17,1,17,4,16,0,0,3974,1,0,0,0,0,349,-303,7048,3071.38,3609.43,4205,3856,0,3974,2640715.91
353b01bd-099b-4732-b5dd-bced6c71fc8a,2023-04-18,2,18,4,16,0,0,3935,1,5170,1,0,0,3974,9029,4220,3682.38,3506.96,3974,0,0,-1235,2639480.91
353b01bd-099b-4732-b5dd-bced6c71fc8a,2023-04-19,3,19,4,16,0,0,8448,1,0,0,0,0,-1235,2911,-4743.8,2216.1,3325.13,3935,5170,0,8448,2647928.91
353b01bd-099b-4732-b5dd-bced6c71fc8a,2023-04-20,4,20,4,16,0,0,6847,1,7168,1,1200.32,1,8448,8165,4726,3007.1,3764.86,8448,0,0,-1521.32,2646407.59
353b01bd-099b-4732-b5dd-bced6c71fc8a,2023-04-21,5,21,4,16,0,0,12105,1,0,0,0,0,-1521.32,1215,212,1623.34,3556.61,6847,7168,1200.32,12105,2658512.59
353b01bd-099b-4732-b5dd-bced6c71fc8a,2023-04-22,6,22,4,16,1,0,5762,1,3068,1,0,0,12105,133.69,4048,3179.05,3953.05,12105,0,0,2694,2661206.59
353b01bd-099b-4732-b5dd-bced6c71fc8a,2023-04-23,0,23,4,16,1,0,3350,1,0,0,0,0,2694,349,2318,3544.81,3907.91,5762,3068,0,3350,2664556.59
353b01bd-099b-4732-b5dd-bced6c71fc8a,2023-04-24,1,24,4,17,0,0,4725,1,0,0,0,0,3350,3974,8762,3973.53,3942.31,3350,0,0,4725,2669281.59
353b01bd-099b-4732-b5dd-bced6c71fc8a,2023-04-25,2,25,4,17,0,0,9162,1,0,0,0,0,4725,-1235,6540,4080.81,3807.75,4725,0,0,9162,2678443.59
353b01bd-099b-4732-b5dd-bced6c71fc8a,2023-04-26,3,26,4,17,0,0,6964,1,7245,1,0,0,9162,8448,-3040,5566.1,3895.15,9162,0,0,-281,2678162.59
353b01bd-099b-4732-b5dd-bced6c71fc8a,2023-04-27,4,27,4,17,0,0,6919,1,0,0,0,0,-281,-1521.32,8631,4319.1,3987.11,6964,7245,0,6919,2685081.59
353b01bd-099b-4732-b5dd-bced6c71fc8a,2023-04-28,5,28,4,17,0,0,5589,1,0,0,0,0,6919,12105,3867,5524.86,3930.05,6919,0,0,5589,2690670.59
353b01bd-099b-4732-b5dd-bced6c71fc8a,2023-04-29,6,29,4,17,1,0,10217,1,4617,1,0,0,5589,2694,7061,4594,3987.45,5589,0,0,5600,2696270.59
353b01bd-099b-4732-b5dd-bced6c71fc8a,2023-04-30,0,30,4,17,1,0,2814,1,0,0,5352.56,1,5600,3350,1010.91,5009.14,3938.75,10217,4617,0,-2538.56,2693732.03
353b01bd-099b-4732-b5dd-bced6c71fc8a,2023-05-01,1,1,5,18,0,1,2245,1,7684,1,6037.75,1,-2538.56,4725,-2828.86,4167.92,3820.43,2814,0,5352.56,-11476.75,2682255.28
353b01bd-099b-4732-b5dd-bced6c71fc8a,2023-05-02,2,2,5,18,0,0,6541,1,0,0,0,0,-11476.75,9162,4375,1853.38,3532.17,2245,7684,6037.75,6541,2688796.28
353b01bd-099b-4732-b5dd-bced6c71fc8a,2023-05-03,3,3,5,18,0,0,8082,1,7239,1,0,0,6541,-281,3023,1478.96,3604.37,6541,0,0,843,2689639.28
353b01bd-099b-4732-b5dd-bced6c71fc8a,2023-05-04,4,4,5,18,0,0,4500,1,0,0,0,0,843,6919,1997,1639.53,3531.7,8082,7239,0,4500,2694139.28
353b01bd-099b-4732-b5dd-bced6c71fc8a,2023-05-05,5,5,5,18,0,0,6913,1,3987,1,0,0,4500,5589,7767,1293.96,3615.14,4500,0,0,2926,2697065.28
353b01bd-099b-4732-b5dd-bced6c71fc8a,2023-05-06,6,6,5,18,1,0,6866,1,0,0,0,0,2926,5600,3508,913.53,3453.77,6913,3987,0,6866,2703931.28
353b01bd-099b-4732-b5dd-bced6c71fc8a,2023-05-07,0,7,5,18,1,0,6256,1,5611,1,0,0,6866,-2538.56,8264,1094.38,3565.7,6866,0,0,645,2704576.28
353b01bd-099b-4732-b5dd-bced6c71fc8a,2023-05-08,1,8,5,19,0,0,6043,1,0,0,0,0,645,-11476.75,6967,1549.18,3311.74,6256,5611,0,6043,2710619.28
353b01bd-099b-4732-b5dd-bced6c71fc8a,2023-05-09,2,9,5,19,0,0,7855,1,0,0,0,0,6043,6541,3051,4052,3280.94,6043,0,0,7855,2718474.28
353b01bd-099b-4732-b5dd-bced6c71fc8a,2023-05-10,3,10,5,19,0,1,9900,1,5871,1,0,0,7855,843,-303,4239.71,3441.07,7855,0,0,4029,2722503.28
353b01bd-099b-4732-b5dd-bced6c71fc8a,2023-05-11,4,11,5,19,0,0,9576,1,0,0,0,0,4029,4500,9029,4694.86,3585.47,9900,5871,0,9576,2732079.28
353b01bd-099b-4732-b5dd-bced6c71fc8a,2023-05-12,5,12,5,19,0,0,10556,1,4547,1,0,0,9576,2926,2911,5420,3603.7,9576,0,0,6009,2738088.28
353b01bd-099b-4732-b5dd-bced6c71fc8a,2023-05-13,6,13,5,19,1,0,7629,1,0,0,0,0,6009,6866,8165,5860.43,3706.97,10556,4547,0,7629,2745717.28
353b01bd-099b-4732-b5dd-bced6c71fc8a,2023-05-14,0,14,5,19,1,0,7294,1,4885,1,0,0,7629,645,1215,5969.43,3689.1,7629,0,0,2409,2748126.28
353b01bd-099b-4732-b5dd-bced6c71fc8a,2023-05-15,1,15,5,20,0,0,4439,1,0,0,4503.87,1,2409,6043,133.69,6221.43,3728.9,7294,4885,0,-64.87,2748061.41
353b01bd-099b-4732-b5dd-bced6c71fc8a,2023-05-16,2,16,5,20,0,0,3889,1,5250,1,0,0,-64.87,7855,349,5348.88,3722.28,4439,0,4503.87,-1361,2746700.41
353b01bd-099b-4732-b5dd-bced6c71fc8a,2023-05-17,3,17,5,20,0,0,5592,1,0,0,0,0,-1361,4029,3974,4032.3,3665.28,3889,5250,0,5592,2752292.41
353b01bd-099b-4732-b5dd-bced6c71fc8a,2023-05-18,4,18,5,20,0,0,4901,1,0,0,0,0,5592,9576,-1235,4255.59,3719.22,5592,0,0,4901,2757193.41
353b01bd-099b-4732-b5dd-bced6c71fc8a,2023-05-19,5,19,5,20,0,0,10470,1,4944,1,0,0,4901,6009,8448,3587.73,3923.75,4901,0,0,5526,2762719.41
353b01bd-099b-4732-b5dd-bced6c71fc8a,2023-05-20,6,20,5,20,1,0,12870,1,0,0,1301.76,1,5526,7629,-1521.32,3518.73,3826.35,10470,4944,0,11568.24,2774287.65
353b01bd-099b-4732-b5dd-bced6c71fc8a,2023-05-21,0,21,5,20,1,0,5595,1,5080,1,0,0,11568.24,2409,12105,4081.48,4262.67,12870,0,1301.76,515,2774802.65
353b01bd-099b-4732-b5dd-bced6c71fc8a,2023-05-22,1,22,5,21,0,0,7082,1,0,0,0,0,515,-64.87,2694,3810.91,3876.34,5595,5080,0,7082,2781884.65
353b01bd-099b-4732-b5dd-bced6c71fc8a,2023-05-23,2,23,5,21,0,0,7817,1,5541,1,0,0,7082,-1361,3350,4831.89,4022.6,7082,0,0,2276,2784160.65
353b01bd-099b-4732-b5dd-bced6c71fc8a,2023-05-24,3,24,5,21,0,0,6486,1,0,0,0,0,2276,5592,4725,5351.46,3986.8,7817,5541,0,6486,2790646.65
353b01bd-099b-4732-b5dd-bced6c71fc8a,2023-05-25,4,25,5,21,0,0,4071,1,6514,1,0,0,6486,4901,9162,5479.18,4045.5,6486,0,0,-2443,2788203.65
353b01bd-099b-4732-b5dd-bced6c71fc8a,2023-05-26,5,26,5,21,0,0,10469,1,0,0,0,0,-2443,5526,-281,4430.03,3658.67,4071,6514,0,10469,2798672.65
353b01bd-099b-4732-b5dd-bced6c71fc8a,2023-05-27,6,27,5,21,1,0,13513,1,0,0,0,0,10469,11568.24,6919,5136.18,4017,10469,0,0,13513,2812185.65
353b01bd-099b-4732-b5dd-bced6c71fc8a,2023-05-28,0,28,5,21,1,0,6658,1,0,0,0,0,13513,515,5589,5414,4236.8,13513,0,0,6658,2818843.65
353b01bd-099b-4732-b5dd-bced6c71fc8a,2023-05-29,1,29,5,22,0,0,6608,1,4786,1,0,0,6658,7082,5600,6291.57,4272.44,6658,0,0,1822,2820665.65
353b01bd-099b-4732-b5dd-bced6c71fc8a,2023-05-30,2,30,5,22,0,0,3357,1,0,0,0,0,1822,2276,-2538.56,5540.14,4146.5,6608,4786,0,3357,2824022.65
353b01bd-099b-4732-b5dd-bced6c71fc8a,2023-05-31,3,31,5,22,0,0,7167,1,7698,1,6400.52,1,3357,6486,-11476.75,5694.57,4343.02,3357,0,0,-6931.52,2817091.13
353b01bd-099b-4732-b5dd-bced6c71fc8a,2023-06-01,4,1,6,22,0,0,6372,1,0,0,6146.63,1,-6931.52,-2443,6541,3777.78,4494.53,7167,7698,6400.52,225.37,2817316.5
353b01bd-099b-4732-b5dd-bced6c71fc8a,2023-06-02,5,2,6,22,0,0,11180,1,7813,1,0,0,225.37,10469,843,4158.98,4284.01,6372,0,6146.63,3367,2820683.5
353b01bd-099b-4732-b5dd-bced6c71fc8a,2023-06-03,6,3,6,22,1,0,11096,1,0,0,0,0,3367,13513,4500,3144.41,4368.14,11180,7813,0,11096,2831779.5
353b01bd-099b-4732-b5dd-bced6c71fc8a,2023-06-04,0,4,6,22,1,0,4813,1,5580,1,0,0,11096,6658,2926,2799.12,4588.01,11096,0,0,-767,2831012.5
353b01bd-099b-4732-b5dd-bced6c71fc8a,2023-06-05,1,5,6,23,0,0,6606,1,0,0,0,0,-767,1822,6866,1738.41,4464.91,4813,5580,0,6606,2837618.5
353b01bd-099b-4732-b5dd-bced6c71fc8a,2023-06-06,2,6,6,23,0,0,9742,1,3557,1,0,0,6606,3357,645,2421.84,4456.24,6606,0,0,6185,2843803.5
353b01bd-099b-4732-b5dd-bced6c71fc8a,2023-06-07,3,7,6,23,0,0,8053,1,0,0,0,0,6185,-6931.52,6043,2825.84,4640.91,9742,3557,0,8053,2851856.5
353b01bd-099b-4732-b5dd-bced6c71fc8a,2023-06-08,4,8,6,23,0,0,6063,1,6778,1,0,0,8053,225.37,7855,4966.48,4707.91,8053,0,0,-715,2851141.5
353b01bd-099b-4732-b5dd-bced6c71fc8a,2023-06-09,5,9,6,23,0,0,11789,1,0,0,0,0,-715,3367,4029,4832.14,4422.24,6063,6778,0,11789,2862930.5
353b01bd-099b-4732-b5dd-bced6c71fc8a,2023-06-10,6,10,6,23,1,0,9205,1,3856,1,0,0,11789,11096,9576,6035.29,4680.91,11789,0,0,5349,2868279.5
353b01bd-099b-4732-b5dd-bced6c71fc8a,2023-06-11,0,11,6,23,1,0,5687,1,0,0,0,0,5349,-767,6009,5214.29,4540.01,9205,3856,0,5687,2873966.5
353b01bd-099b-4732-b5dd-bced6c71fc8a,2023-06-12,1,12,6,24,0,0,6480,1,0,0,0,0,5687,6606,7629,6136.29,4529.27,5687,0,0,6480,2880446.5
353b01bd-099b-4732-b5dd-bced6c71fc8a,2023-06-13,2,13,6,24,0,0,9819,1,6100,1,0,0,6480,6185,2409,6118.29,4490.97,6480,0,0,3719,2884165.5
353b01bd-099b-4732-b5dd-bced6c71fc8a,2023-06-14,3,14,6,24,0,0,7754,1,0,0,0,0,3719,8053,-64.87,5766,4534.64,9819,6100,0,7754,2891919.5
353b01bd-099b-4732-b5dd-bced6c71fc8a,2023-06-15,4,15,6,24,0,0,4553,1,3614,1,4713.5,1,7754,-715,-1361,5723.29,4795.27,7754,0,0,-3774.5,2888145
353b01bd-099b-4732-b5dd-bced6c71fc8a,2023-06-16,5,16,6,24,0,0,11206,1,0,0,0,0,-3774.5,11789,5592,5286.21,4714.82,4553,3614,4713.5,11206,2899351
353b01bd-099b-4732-b5dd-bced6c71fc8a,2023-06-17,6,17,6,24,1,0,13271,1,7643,1,0,0,11206,5349,4901,5202.93,4901.95,11206,0,0,5628,2904979
353b01bd-099b-4732-b5dd-bced6c71fc8a,2023-06-18,0,18,6,24,1,0,4229,1,0,0,0,0,5628,5687,5526,5242.79,4926.19,13271,7643,0,4229,2909208
353b01bd-099b-4732-b5dd-bced6c71fc8a,2023-06-19,1,19,6,25,0,0,6830,1,0,0,0,0,4229,6480,11568.24,5034.5,4882.95,4229,0,0,6830,2916038
353b01bd-099b-4732-b5dd-bced6c71fc8a,2023-06-20,2,20,6,25,0,0,7918,1,0,0,884.08,1,6830,3719,515,5084.5,4725.01,6830,0,0,7033.92,2923071.92
353b01bd-099b-4732-b5dd-bced6c71fc8a,2023-06-21,3,21,6,25,0,0,9755,1,4790,1,0,0,7033.92,7754,7082,5558.06,4942.31,7918,0,884.08,4965,2928036.92
353b01bd-099b-4732-b5dd-bced6c71fc8a,2023-06-22,4,22,6,25,0,0,5320,1,0,0,0,0,4965,-3774.5,2276,5159.63,4871.74,9755,4790,0,5320,2933356.92
353b01bd-099b-4732-b5dd-bced6c71fc8a,2023-06-23,5,23,6,25,0,0,8316,1,4677,1,0,0,5320,11206,6486,6458.85,4973.21,5320,0,0,3639,2936995.92
353b01bd-099b-4732-b5dd-bced6c71fc8a,2023-06-24,6,24,6,25,1,0,10230,1,0,0,0,0,3639,5628,-2443,5377.85,4878.31,8316,4677,0,10230,2947225.92
353b01bd-099b-4732-b5dd-bced6c71fc8a,2023-06-25,0,25,6,25,1,0,5214,1,5816,1,0,0,10230,4229,10469,6035.27,5300.74,10230,0,0,-602,2946623.92
353b01bd-099b-4732-b5dd-bced6c71fc8a,2023-06-26,1,26,6,26,0,0,7417,1,0,0,0,0,-602,6830,13513,5345.13,4931.71,5214,5816,0,7417,2954040.92
353b01bd-099b-4732-b5dd-bced6c71fc8a,2023-06-27,2,27,6,26,0,0,4526,1,4990,1,0,0,7417,7033.92,6658,5428.99,4728.51,7417,0,0,-464,2953576.92
353b01bd-099b-4732-b5dd-bced6c71fc8a,2023-06-28,3,28,6,26,0,0,7777,1,0,0,0,0,-464,4965,1822,4357.86,4491.11,4526,4990,0,7777,2961353.92
353b01bd-099b-4732-b5dd-bced6c71fc8a,2023-06-29,4,29,6,26,0,0,3746,1,0,0,0,0,7777,5320,3357,4759.57,4689.61,7777,0,0,3746,2965099.92
353b01bd-099b-4732-b5dd-bced6c71fc8a,2023-06-30,5,30,6,26,0,0,7403,1,6480,1,5105.84,1,3746,3639,-6931.52,4534.71,4702.58,3746,0,0,-4182.84,2960917.08
353b01bd-099b-4732-b5dd-bced6c71fc8a,2023-07-01,6,1,7,26,1,0,4653,1,0,0,6134.78,1,-4182.84,10230,225.37,3417.31,4794.2,7403,6480,5105.84,-1481.78,2959435.3
353b01bd-099b-4732-b5dd-bced6c71fc8a,2023-07-02,0,2,7,26,1,0,7145,1,7477,1,0,0,-1481.78,-602,3367,1744.2,4737.29,4653,0,6134.78,-332,2959103.3
353b01bd-099b-4732-b5dd-bced6c71fc8a,2023-07-03,1,3,7,27,0,0,5274,1,0,0,0,0,-332,7417,11096,1782.77,4613.99,7145,7477,0,5274,2964377.3
353b01bd-099b-4732-b5dd-bced6c71fc8a,2023-07-04,2,4,7,27,0,0,8316,1,0,0,0,0,5274,-464,-767,1476.63,4419.93,5274,0,0,8316,2972693.3
353b01bd-099b-4732-b5dd-bced6c71fc8a,2023-07-05,3,5,7,27,0,0,9823,1,0,0,0,0,8316,7777,6606,2730.91,4722.69,8316,0,0,9823,2982516.3
353b01bd-099b-4732-b5dd-bced6c71fc8a,2023-07-06,4,6,7,27,0,0,11241,1,0,0,0,0,9823,3746,6185,3023.2,4829.93,9823,0,0,11241,2993757.3
353b01bd-099b-4732-b5dd-bced6c71fc8a,2023-07-07,5,7,7,27,0,0,11416,1,0,0,0,0,11241,-4182.84,8053,4093.91,4998.46,11241,0,0,11416,3005173.3
353b01bd-099b-4732-b5dd-bced6c71fc8a,2023-07-08,6,8,7,27,1,0,6950,1,3883,1,0,0,11416,-1481.78,-715,6322.32,5110.56,11416,0,0,3067,3008240.3
353b01bd-099b-4732-b5dd-bced6c71fc8a,2023-07-09,0,9,7,27,1,0,3991,1,0,0,0,0,3067,-332,11789,6972.14,5236.63,6950,3883,0,3991,3012231.3
353b01bd-099b-4732-b5dd-bced6c71fc8a,2023-07-10,1,10,7,28,0,0,8161,1,5298,1,0,0,3991,5274,5349,7589.71,4976.69,3991,0,0,2863,3015094.3
353b01bd-099b-4732-b5dd-bced6c71fc8a,2023-07-11,2,11,7,28,0,0,8154,1,0,0,0,0,2863,8316,5687,7245.29,4893.83,8161,5298,0,8154,3023248.3
353b01bd-099b-4732-b5dd-bced6c71fc8a,2023-07-12,3,12,7,28,0,0,8968,1,0,0,0,0,8154,9823,6480,7222.14,4976.06,8154,0,0,8968,3032216.3
353b01bd-099b-4732-b5dd-bced6c71fc8a,2023-07-13,4,13,7,28,0,0,9453,1,0,0,0,0,8968,11241,3719,7100,5058.99,8968,0,0,9453,3041669.3
353b01bd-099b-4732-b5dd-bced6c71fc8a,2023-07-14,5,14,7,28,0,0,6226,1,7900,1,0,0,9453,11416,7754,6844.57,5250.13,9453,0,0,-1674,3039995.3
353b01bd-099b-4732-b5dd-bced6c71fc8a,2023-07-15,6,15,7,28,1,0,8000,1,0,0,4666.68,1,-1674,3067,-3774.5,4974.57,4935.86,6226,7900,0,3333.32,3043328.62
353b01bd-099b-4732-b5dd-bced6c71fc8a,2023-07-16,0,16,7,28,1,0,4659,1,7534,1,0,0,3333.32,3991,11206,5012.62,5172.79,8000,0,4666.68,-2875,3040453.62
353b01bd-099b-4732-b5dd-bced6c71fc8a,2023-07-17,1,17,7,29,0,0,6763,1,0,0,0,0,-2875,2863,5628,4031.76,4703.42,4659,7534,0,6763,3047216.62
353b01bd-099b-4732-b5dd-bced6c71fc8a,2023-07-18,2,18,7,29,0,0,6523,1,0,0,0,0,6763,8154,4229,4588.9,4741.25,6763,0,0,6523,3053739.62
353b01bd-099b-4732-b5dd-bced6c71fc8a,2023-07-19,3,19,7,29,0,0,7348,1,3612,1,0,0,6523,8968,6830,4355.9,4817.72,6523,0,0,3736,3057475.62
353b01bd-099b-4732-b5dd-bced6c71fc8a,2023-07-20,4,20,7,29,0,0,10156,1,0,0,1203.17,1,3736,9453,7033.92,3608.47,4714.59,7348,3612,0,8952.83,3066428.45
353b01bd-099b-4732-b5dd-bced6c71fc8a,2023-07-21,5,21,7,29,0,0,10811,1,0,0,0,0,8952.83,-1674,4965,3537.02,4778.55,10156,0,1203.17,10811,3077239.45
353b01bd-099b-4732-b5dd-bced6c71fc8a,2023-07-22,6,22,7,29,1,0,14003,1,0,0,0,0,10811,3333.32,5320,5320.59,4973.42,10811,0,0,14003,3091242.45
353b01bd-099b-4732-b5dd-bced6c71fc8a,2023-07-23,0,23,7,29,1,0,6118,1,4775,1,0,0,14003,-2875,3639,6844.83,5262.85,14003,0,0,1343,3092585.45
353b01bd-099b-4732-b5dd-bced6c71fc8a,2023-07-24,1,24,7,30,0,0,4907,1,0,0,0,0,1343,6763,10230,7447.4,5186.32,6118,4775,0,4907,3097492.45
353b01bd-099b-4732-b5dd-bced6c71fc8a,2023-07-25,2,25,7,30,0,0,7369,1,3262,1,0,0,4907,6523,-602,7182.26,5008.88,4907,0,0,4107,3101599.45
353b01bd-099b-4732-b5dd-bced6c71fc8a,2023-07-26,3,26,7,30,0,0,7584,1,0,0,0,0,4107,3736,7417,6837.12,5165.85,7369,3262,0,7584,3109183.45
353b01bd-099b-4732-b5dd-bced6c71fc8a,2023-07-27,4,27,7,30,0,0,6623,1,6396,1,0,0,7584,8952.83,-464,7386.83,5171.42,7584,0,0,227,3109410.45
353b01bd-099b-4732-b5dd-bced6c71fc8a,2023-07-28,5,28,7,30,0,0,6696,1,0,0,0,0,227,10811,7777,6140.29,5194.45,6623,6396,0,6696,3116106.45
353b01bd-099b-4732-b5dd-bced6c71fc8a,2023-07-29,6,29,7,30,1,0,9979,1,3591,1,0,0,6696,14003,3746,5552.43,5158.42,6696,0,0,6388,3122494.45
353b01bd-099b-4732-b5dd-bced6c71fc8a,2023-07-30,0,30,7,30,1,0,6448,1,0,0,0,0,6388,1343,-4182.84,4464.57,5246.48,9979,3591,0,6448,3128942.45
353b01bd-099b-4732-b5dd-bced6c71fc8a,2023-07-31,1,31,7,31,0,0,5489,1,0,0,5130.59,1,6448,4907,-1481.78,5193.86,5600.85,6448,0,0,358.41,3129300.86
353b01bd-099b-4732-b5dd-bced6c71fc8a,2023-08-01,2,1,8,31,0,0,5131,1,5906,1,6062.04,1,358.41,4107,-332,4544.06,5662.19,5489,0,5130.59,-6837.04,3122463.82
353b01bd-099b-4732-b5dd-bced6c71fc8a,2023-08-02,3,2,8,31,0,0,8109,1,0,0,0,0,-6837.04,7584,5274,2980.62,5445.35,5131,5906,6062.04,8109,3130572.82
353b01bd-099b-4732-b5dd-bced6c71fc8a,2023-08-03,4,3,8,31,0,0,7822,1,0,0,0,0,8109,227,8316,3055.62,5539.85,8109,0,0,7822,3138394.82
353b01bd-099b-4732-b5dd-bced6c71fc8a,2023-08-04,5,4,8,31,0,0,10660,1,0,0,0,0,7822,6696,9823,4140.62,5523.38,7822,0,0,10660,3149054.82
353b01bd-099b-4732-b5dd-bced6c71fc8a,2023-08-05,6,5,8,31,1,0,13798,1,0,0,0,0,10660,6388,11241,4706.91,5551.28,10660,0,0,13798,3162852.82
353b01bd-099b-4732-b5dd-bced6c71fc8a,2023-08-06,0,6,8,31,1,0,4088,1,0,0,0,0,13798,6448,11416,5765.48,5636.52,13798,0,0,4088,3166940.82
353b01bd-099b-4732-b5dd-bced6c71fc8a,2023-08-07,1,7,8,32,0,0,3707,1,0,0,0,0,4088,358.41,3067,5428.34,5392.25,4088,0,0,3707,3170647.82
353b01bd-099b-4732-b5dd-bced6c71fc8a,2023-08-08,2,8,8,32,0,0,7179,1,5768,1,0,0,3707,-6837.04,3991,5906.71,5413.58,3707,0,0,1411,3172058.82
353b01bd-099b-4732-b5dd-bced6c71fc8a,2023-08-09,3,9,8,32,0,0,10177,1,0,0,0,0,1411,8109,2863,7085,5327.58,7179,5768,0,10177,3182235.82
353b01bd-099b-4732-b5dd-bced6c71fc8a,2023-08-10,4,10,8,32,0,0,6300,1,0,0,0,0,10177,7822,8154,7380.43,5571.38,10177,0,0,6300,3188535.82
353b01bd-099b-4732-b5dd-bced6c71fc8a,2023-08-11,5,11,8,32,0,0,5742,1,7024,1,0,0,6300,10660,8968,7163,5509.58,6300,0,0,-1282,3187253.82
353b01bd-099b-4732-b5dd-bced6c71fc8a,2023-08-12,6,12,8,32,1,0,11956,1,0,0,0,0,-1282,13798,9453,5457,5167.92,5742,7024,0,11956,3199209.82
353b01bd-099b-4732-b5dd-bced6c71fc8a,2023-08-13,0,13,8,32,1,0,2942,1,0,0,0,0,11956,4088,-1674,5193.86,5251.35,11956,0,0,2942,3202151.82
353b01bd-099b-4732-b5dd-bced6c71fc8a,2023-08-14,1,14,8,33,0,0,6698,1,7910,1,0,0,2942,3707,3333.32,5030.14,5405.22,2942,0,0,-1212,3200939.82
353b01bd-099b-4732-b5dd-bced6c71fc8a,2023-08-15,2,15,8,33,0,0,8575,1,0,0,6300.99,1,-1212,1411,-2875,4327.43,5253.71,6698,7910,0,2274.01,3203213.83
353b01bd-099b-4732-b5dd-bced6c71fc8a,2023-08-16,3,16,8,33,0,0,7707,1,4417,1,0,0,2274.01,10177,6763,4450.72,5425.34,8575,0,6300.99,3290,3206503.83
353b01bd-099b-4732-b5dd-bced6c71fc8a,2023-08-17,4,17,8,33,0,0,10860,1,0,0,0,0,3290,6300,6523,3466.86,5309.57,7707,4417,0,10860,3217363.83
353b01bd-099b-4732-b5dd-bced6c71fc8a,2023-08-18,5,18,8,33,0,0,5522,1,0,0,0,0,10860,-1282,3736,4118.29,5454.14,10860,0,0,5522,3222885.83
353b01bd-099b-4732-b5dd-bced6c71fc8a,2023-08-19,6,19,8,33,1,0,13246,1,5159,1,0,0,5522,11956,8952.83,5090.29,5513.67,5522,0,0,8087,3230972.83
353b01bd-099b-4732-b5dd-bced6c71fc8a,2023-08-20,0,20,8,33,1,0,5640,1,0,0,1064.49,1,8087,2942,10811,4537.57,5484.81,13246,5159,0,4575.51,3235548.34
353b01bd-099b-4732-b5dd-bced6c71fc8a,2023-08-21,1,21,8,34,0,0,5644,1,6887,1,0,0,4575.51,-1212,14003,4770.93,5276.96,5640,0,1064.49,-1243,3234305.34
353b01bd-099b-4732-b5dd-bced6c71fc8a,2023-08-22,2,22,8,34,0,0,9525,1,0,0,0,0,-1243,2274.01,1343,4766.5,4768.76,5644,6887,0,9525,3243830.34
353b01bd-099b-4732-b5dd-bced6c71fc8a,2023-08-23,3,23,8,34,0,0,4558,1,4176,1,0,0,9525,3290,4907,5802.36,5041.5,9525,0,0,382,3244212.34
353b01bd-099b-4732-b5dd-bced6c71fc8a,2023-08-24,4,24,8,34,0,0,10856,1,0,0,0,0,382,10860,4107,5386.93,4890.66,4558,4176,0,10856,3255068.34
353b01bd-099b-4732-b5dd-bced6c71fc8a,2023-08-25,5,25,8,34,0,0,10785,1,3780,1,0,0,10856,5522,7584,5386.36,5115.63,10856,0,0,7005,3262073.34
353b01bd-099b-4732-b5dd-bced6c71fc8a,2023-08-26,6,26,8,34,1,0,8959,1,0,0,0,0,7005,8087,227,5598.22,5096.33,10785,3780,0,8959,3271032.34
353b01bd-099b-4732-b5dd-bced6c71fc8a,2023-08-27,0,27,8,34,1,0,6506,1,0,0,0,0,8959,4575.51,6696,5722.79,5387.4,8959,0,0,6506,3277538.34
353b01bd-099b-4732-b5dd-bced6c71fc8a,2023-08-28,1,28,8,35,0,0,3602,1,0,0,0,0,6506,-1243,6388,5998.57,5381.06,6506,0,0,3602,3281140.34
353b01bd-099b-4732-b5dd-bced6c71fc8a,2023-08-29,2,29,8,35,0,0,8688,1,4984,1,0,0,3602,9525,6448,6690.71,5288.2,3602,0,0,3704,3284844.34
353b01bd-099b-4732-b5dd-bced6c71fc8a,2023-08-30,3,30,8,35,0,0,8112,1,0,0,0,0,3704,382,358.41,5859.14,5196.73,8688,4984,0,8112,3292956.34
353b01bd-099b-4732-b5dd-bced6c71fc8a,2023-08-31,4,31,8,35,0,0,10804,1,0,0,4242.79,1,8112,10856,-6837.04,6963.43,5455.18,8112,0,0,6561.21,3299517.55
353b01bd-099b-4732-b5dd-bced6c71fc8a,2023-09-01,5,1,9,35,0,0,4692,1,4995,1,5820.1,1,6561.21,7005,8109,6349.89,5901.79,10804,0,4242.79,-6123.1,3293394.45
353b01bd-099b-4732-b5dd-bced6c71fc8a,2023-09-02,6,2,9,35,1,0,9889,1,0,0,0,0,-6123.1,8959,7822,4474.44,5427.39,4692,4995,5820.1,9889,3303283.45
353b01bd-099b-4732-b5dd-bced6c71fc8a,2023-09-03,0,3,9,35,1,0,8084,1,4253,1,0,0,9889,6506,10660,4607.3,5496.29,9889,0,0,3831,3307114.45
353b01bd-099b-4732-b5dd-bced6c71fc8a,2023-09-04,1,4,9,36,0,0,3115,1,0,0,0,0,3831,3602,13798,4225.16,5268.65,8084,4253,0,3115,3310229.45
353b01bd-099b-4732-b5dd-bced6c71fc8a,2023-09-05,2,5,9,36,0,0,5553,1,4608,1,0,0,3115,3704,4088,4155.59,4912.55,3115,0,0,945,3311174.45
353b01bd-099b-4732-b5dd-bced6c71fc8a,2023-09-06,3,6,9,36,0,0,6839,1,0,0,0,0,945,8112,3707,3761.44,4807.79,5553,4608,0,6839,3318013.45
353b01bd-099b-4732-b5dd-bced6c71fc8a,2023-09-07,4,7,9,36,0,0,7557,1,4058,1,0,0,6839,6561.21,1411,3579.59,4912.19,6839,0,0,3499,3321512.45
353b01bd-099b-4732-b5dd-bced6c71fc8a,2023-09-08,5,8,9,36,0,0,8500,1,0,0,0,0,3499,-6123.1,10177,3142.13,4981.79,7557,4058,0,8500,3330012.45
353b01bd-099b-4732-b5dd-bced6c71fc8a,2023-09-09,6,9,9,36,1,0,12577,1,5509,1,0,0,8500,9889,6300,5231.14,4925.89,8500,0,0,7068,3337080.45
353b01bd-099b-4732-b5dd-bced6c71fc8a,2023-09-10,0,10,9,36,1,0,5217,1,0,0,0,0,7068,3831,-1282,4828.14,4951.49,12577,5509,0,5217,3342297.45
353b01bd-099b-4732-b5dd-bced6c71fc8a,2023-09-11,1,11,9,37,0,0,4932,1,0,0,0,0,5217,3115,11956,5026.14,5168.12,5217,0,0,4932,3347229.45
353b01bd-099b-4732-b5dd-bced6c71fc8a,2023-09-12,2,12,9,37,0,0,4140,1,3074,1,0,0,4932,945,2942,5285.71,4933.99,4932,0,0,1066,3348295.45
353b01bd-099b-4732-b5dd-bced6c71fc8a,2023-09-13,3,13,9,37,0,0,9181,1,0,0,0,0,1066,6839,-1212,5303,4871.45,4140,3074,0,9181,3357476.45
353b01bd-099b-4732-b5dd-bced6c71fc8a,2023-09-14,4,14,9,37,0,0,6821,1,0,0,0,0,9181,3499,2274.01,5637.57,5217.89,9181,0,0,6821,3364297.45
353b01bd-099b-4732-b5dd-bced6c71fc8a,2023-09-15,5,15,9,37,0,0,7957,1,0,0,6617.73,1,6821,8500,3290,6112.14,5369.45,6821,0,0,1339.27,3365636.72
353b01bd-099b-4732-b5dd-bced6c71fc8a,2023-09-16,6,16,9,37,1,1,5835,1,4653,1,0,0,1339.27,7068,10860,5089.18,5304.43,7957,0,6617.73,1182,3366818.72
353b01bd-099b-4732-b5dd-bced6c71fc8a,2023-09-17,0,17,9,37,1,0,3811,1,0,0,0,0,1182,5217,5522,4248.32,4981.83,5835,4653,0,3811,3370629.72
353b01bd-099b-4732-b5dd-bced6c71fc8a,2023-09-18,1,18,9,38,0,0,7468,1,5460,1,0,0,3811,4932,8087,4047.47,4924.8,3811,0,0,2008,3372637.72
353b01bd-099b-4732-b5dd-bced6c71fc8a,2023-09-19,2,19,9,38,0,0,4193,1,0,0,0,0,2008,1066,4575.51,3629.75,4722.16,7468,5460,0,4193,3376830.72
353b01bd-099b-4732-b5dd-bced6c71fc8a,2023-09-20,3,20,9,38,0,0,3682,1,0,0,1094.01,1,4193,9181,-1243,4076.47,4709.41,4193,0,0,2587.99,3379418.71
353b01bd-099b-4732-b5dd-bced6c71fc8a,2023-09-21,4,21,9,38,0,0,11077,1,0,0,0,0,2587.99,6821,9525,3134.61,4837.11,3682,0,1094.01,11077,3390495.71
353b01bd-099b-4732-b5dd-bced6c71fc8a,2023-09-22,5,22,9,38,0,0,12051,1,5832,1,0,0,11077,1339.27,382,3742.61,4888.85,11077,0,0,6219,3396714.71
353b01bd-099b-4732-b5dd-bced6c71fc8a,2023-09-23,6,23,9,38,1,0,10956,1,0,0,0,0,6219,1182,10856,4439.71,5083.41,12051,5832,0,10956,3407670.71
353b01bd-099b-4732-b5dd-bced6c71fc8a,2023-09-24,0,24,9,38,1,0,3069,1,0,0,0,0,10956,3811,7005,5836,5086.75,10956,0,0,3069,3410739.71
353b01bd-099b-4732-b5dd-bced6c71fc8a,2023-09-25,1,25,9,39,0,0,8387,1,0,0,0,0,3069,2008,8959,5730,4955.55,3069,0,0,8387,3419126.71
353b01bd-099b-4732-b5dd-bced6c71fc8a,2023-09-26,2,26,9,39,0,0,4508,1,0,0,0,0,8387,4193,6506,6641.28,4936.48,8387,0,0,4508,3423634.71
353b01bd-099b-4732-b5dd-bced6c71fc8a,2023-09-27,3,27,9,39,0,0,3823,1,0,0,0,0,4508,2587.99,3602,6686.28,4869.88,4508,0,0,3823,3427457.71
353b01bd-099b-4732-b5dd-bced6c71fc8a,2023-09-28,4,28,9,39,0,0,4837,1,3881,1,0,0,3823,11077,3704,6862.71,4877.25,3823,0,0,956,3428413.71
353b01bd-099b-4732-b5dd-bced6c71fc8a,2023-09-29,5,29,9,39,0,0,10656,1,0,0,0,0,956,6219,8112,5416.86,4785.65,4837,3881,0,10656,3439069.71
353b01bd-099b-4732-b5dd-bced6c71fc8a,2023-09-30,6,30,9,39,1,0,11795,1,7972,1,6936.54,1,10656,10956,6561.21,6050.71,4870.45,10656,0,0,-3113.54,3435956.17
353b01bd-099b-4732-b5dd-bced6c71fc8a,2023-10-01,0,1,10,39,1,0,7581,1,0,0,5875.28,1,-3113.54,3069,-6123.1,4040.78,4547.95,11795,7972,6936.54,1705.72,3437661.89
353b01bd-099b-4732-b5dd-bced6c71fc8a,2023-10-02,1,2,10,40,0,0,6059,1,4781,1,0,0,1705.72,8387,9889,3846.03,4808.91,7581,0,5875.28,1278,3438939.89
353b01bd-099b-4732-b5dd-bced6c71fc8a,2023-10-03,2,3,10,40,0,0,3996,1,0,0,0,0,1278,4508,3831,2830.45,4521.88,6059,4781,0,3996,3442935.89
353b01bd-099b-4732-b5dd-bced6c71fc8a,2023-10-04,3,4,10,40,0,0,6946,1,6521,1,0,0,3996,3823,3115,2757.31,4527.38,3996,0,0,425,3443360.89
353b01bd-099b-4732-b5dd-bced6c71fc8a,2023-10-05,4,5,10,40,0,0,7470,1,0,0,0,0,425,956,945,2271.88,4437.71,6946,6521,0,7470,3450830.89
353b01bd-099b-4732-b5dd-bced6c71fc8a,2023-10-06,5,6,10,40,0,0,10134,1,7902,1,0,0,7470,10656,6839,3202.45,4655.21,7470,0,0,2232,3453062.89
353b01bd-099b-4732-b5dd-bced6c71fc8a,2023-10-07,6,7,10,40,1,0,12025,1,0,0,0,0,2232,-3113.54,3499,1999.03,4501.65,10134,7902,0,12025,3465087.89
353b01bd-099b-4732-b5dd-bced6c71fc8a,2023-10-08,0,8,10,40,1,0,5096,1,0,0,0,0,12025,1705.72,8500,4161.67,4785.85,12025,0,0,5096,3470183.89
353b01bd-099b-4732-b5dd-bced6c71fc8a,2023-10-09,1,9,10,41,0,0,7403,1,4987,1,0,0,5096,1278,7068,4646,4672.38,5096,0,0,2416,3472599.89
353b01bd-099b-4732-b5dd-bced6c71fc8a,2023-10-10,2,10,10,41,0,0,5658,1,0,0,0,0,2416,3996,5217,4808.57,4517.31,7403,4987,0,5658,3478257.89
353b01bd-099b-4732-b5dd-bced6c71fc8a,2023-10-11,3,11,10,41,0,0,4918,1,6177,1,0,0,5658,425,4932,5046,4532.01,5658,0,0,-1259,3476998.89
353b01bd-099b-4732-b5dd-bced6c71fc8a,2023-10-12,4,12,10,41,0,0,4544,1,0,0,0,0,-1259,7470,1066,4805.43,4325.65,4918,6177,0,4544,3481542.89
353b01bd-099b-4732-b5dd-bced6c71fc8a,2023-10-13,5,13,10,41,0,0,7824,1,3195,1,0,0,4544,2232,9181,4387.43,4441.58,4544,0,0,4629,3486171.89
353b01bd-099b-4732-b5dd-bced6c71fc8a,2023-10-14,6,14,10,41,1,0,5021,1,0,0,0,0,4629,12025,6821,4729.86,4289.85,7824,3195,0,5021,3491192.89
353b01bd-099b-4732-b5dd-bced6c71fc8a,2023-10-15,0,15,10,41,1,0,7441,1,5029,1,5596.58,1,5021,5096,1339.27,3729.29,4229.85,5021,0,0,-3184.58,3488008.31
353b01bd-099b-4732-b5dd-bced6c71fc8a,2023-10-16,1,16,10,42,0,0,7014,1,0,0,0,0,-3184.58,2416,1182,2546.35,4079.05,7441,5029,5596.58,7014,3495022.31
353b01bd-099b-4732-b5dd-bced6c71fc8a,2023-10-17,2,17,10,42,0,0,7634,1,6536,1,0,0,7014,5658,3811,3203.2,4273.45,7014,0,0,1098,3496120.31
353b01bd-099b-4732-b5dd-bced6c71fc8a,2023-10-18,3,18,10,42,0,0,8103,1,0,0,0,0,1098,-1259,2008,2551.77,4183.02,7634,6536,0,8103,3504223.31
353b01bd-099b-4732-b5dd-bced6c71fc8a,2023-10-19,4,19,10,42,0,0,10703,1,0,0,0,0,8103,4544,4193,3889.2,4386.19,8103,0,0,10703,3514926.31
353b01bd-099b-4732-b5dd-bced6c71fc8a,2023-10-20,5,20,10,42,0,0,9890,1,4115,1,1292.53,1,10703,4629,2587.99,4769.06,4603.19,10703,0,0,4482.47,3519408.78
353b01bd-099b-4732-b5dd-bced6c71fc8a,2023-10-21,6,21,10,42,1,0,7143,1,0,0,0,0,4482.47,5021,11077,4748.13,4666.34,9890,4115,1292.53,7143,3526551.78
353b01bd-099b-4732-b5dd-bced6c71fc8a,2023-10-22,0,22,10,42,1,0,6300,1,7982,1,0,0,7143,-3184.58,6219,5051.27,4535.2,7143,0,0,-1682,3524869.78
353b01bd-099b-4732-b5dd-bced6c71fc8a,2023-10-23,1,23,10,43,0,0,8261,1,0,0,0,0,-1682,7014,10956,5265.92,4271.84,6300,7982,0,8261,3533130.78
353b01bd-099b-4732-b5dd-bced6c71fc8a,2023-10-24,2,24,10,43,0,0,3257,1,0,0,0,0,8261,1098,3069,5444.07,4182,8261,0,0,3257,3536387.78
353b01bd-099b-4732-b5dd-bced6c71fc8a,2023-10-25,3,25,10,43,0,0,10308,1,3587,1,0,0,3257,8103,8387,5752.5,4188.27,3257,0,0,6721,3543108.78
353b01bd-099b-4732-b5dd-bced6c71fc8a,2023-10-26,4,26,10,43,0,0,5605,1,0,0,0,0,6721,10703,4508,5555.07,4132.74,10308,3587,0,5605,3548713.78
353b01bd-099b-4732-b5dd-bced6c71fc8a,2023-10-27,5,27,10,43,0,0,6199,1,0,0,0,0,5605,4482.47,3823,4826.78,4169.3,5605,0,0,6199,3554912.78
353b01bd-099b-4732-b5dd-bced6c71fc8a,2023-10-28,6,28,10,43,1,0,8086,1,6343,1,0,0,6199,7143,956,5072,4248.5,6199,0,0,1743,3556655.78
353b01bd-099b-4732-b5dd-bced6c71fc8a,2023-10-29,0,29,10,43,1,0,6489,1,0,0,0,0,1743,-1682,10656,4300.57,4274.74,8086,6343,0,6489,3563144.78
353b01bd-099b-4732-b5dd-bced6c71fc8a,2023-10-30,1,30,10,44,0,0,5970,1,5629,1,0,0,6489,8261,-3113.54,5467.86,4135.84,6489,0,0,341,3563485.78
353b01bd-099b-4732-b5dd-bced6c71fc8a,2023-10-31,2,31,10,44,0,0,6703,1,0,0,4973.55,1,341,3257,1705.72,4336.43,4250.99,5970,5629,0,1729.45,3565215.23
353b01bd-099b-4732-b5dd-bced6c71fc8a,2023-11-01,3,1,11,44,0,0,8618,1,0,0,5911.75,1,1729.45,6721,1278,4118.21,4251.78,6703,0,4973.55,2706.25,3567921.48
353b01bd-099b-4732-b5dd-bced6c71fc8a,2023-11-02,4,2,11,44,0,1,8618,1,7559,1,0,0,2706.25,5605,3996,3544.67,4299.39,8618,0,5911.75,1059,3568980.48
353b01bd-099b-4732-b5dd-bced6c71fc8a,2023-11-03,5,3,11,44,0,0,13251,1,0,0,0,0,1059,6199,425,2895.24,4201.49,8618,7559,0,13251,3582231.48
353b01bd-099b-4732-b5dd-bced6c71fc8a,2023-11-04,6,4,11,44,1,0,10830,1,4716,1,0,0,13251,1743,7470,3902.67,4629.02,13251,0,0,6114,3588345.48
353b01bd-099b-4732-b5dd-bced6c71fc8a,2023-11-05,0,5,11,44,1,0,7501,1,0,0,0,0,6114,6489,2232,4527.1,4583.82,10830,4716,0,7501,3595846.48
353b01bd-099b-4732-b5dd-bced6c71fc8a,2023-11-06,1,6,11,45,0,0,6947,1,5500,1,0,0,7501,341,12025,4671.67,4759.45,7501,0,0,1447,3597293.48
353b01bd-099b-4732-b5dd-bced6c71fc8a,2023-11-07,2,7,11,45,0,0,3612,1,0,0,0,0,1447,1729.45,5096,4829.67,4406.85,6947,5500,0,3612,3600905.48
353b01bd-099b-4732-b5dd-bced6c71fc8a,2023-11-08,3,8,11,45,0,0,3525,1,3493,1,0,0,3612,2706.25,2416,5098.61,4357.39,3612,0,0,32,3600937.48
353b01bd-099b-4732-b5dd-bced6c71fc8a,2023-11-09,4,9,11,45,0,0,6296,1,0,0,0,0,32,1059,5658,4716.57,4277.92,3525,3493,0,6296,3607233.48
353b01bd-099b-4732-b5dd-bced6c71fc8a,2023-11-10,5,10,11,45,0,0,13111,1,5321,1,0,0,6296,13251,-1259,5464.71,4299.19,6296,0,0,7790,3615023.48
353b01bd-099b-4732-b5dd-bced6c71fc8a,2023-11-11,6,11,11,45,1,0,5604,1,0,0,0,0,7790,6114,4544,4684.57,4600.82,13111,5321,0,5604,3620627.48
353b01bd-099b-4732-b5dd-bced6c71fc8a,2023-11-12,0,12,11,45,1,0,5697,1,5888,1,0,0,5604,7501,4629,4611.71,4636.15,5604,0,0,-191,3620436.48
353b01bd-099b-4732-b5dd-bced6c71fc8a,2023-11-13,1,13,11,46,0,0,3321,1,0,0,0,0,-191,1447,5021,3512.86,4475.49,5697,5888,0,3321,3623757.48
353b01bd-099b-4732-b5dd-bced6c71fc8a,2023-11-14,2,14,11,46,0,0,9715,1,6582,1,0,0,3321,3612,-3184.58,3780.57,4418.82,3321,0,0,3133,3626890.48
353b01bd-099b-4732-b5dd-bced6c71fc8a,2023-11-15,3,15,11,46,0,0,4637,1,0,0,4652.77,1,3133,32,7014,3712.14,4629.41,9715,6582,0,-15.77,3626874.71
353b01bd-099b-4732-b5dd-bced6c71fc8a,2023-11-16,4,16,11,46,0,0,6737,1,3811,1,0,0,-15.77,6296,1098,3705.32,4395.08,4637,0,4652.77,2926,3629800.71
353b01bd-099b-4732-b5dd-bced6c71fc8a,2023-11-17,5,17,11,46,0,0,5127,1,0,0,0,0,2926,7790,8103,3223.89,4456.01,6737,3811,0,5127,3634927.71
353b01bd-099b-4732-b5dd-bced6c71fc8a,2023-11-18,6,18,11,46,1,0,10172,1,3174,1,0,0,5127,5604,10703,2843.46,4356.81,5127,0,0,6998,3641925.71
353b01bd-099b-4732-b5dd-bced6c71fc8a,2023-11-19,0,19,11,46,1,0,6052,1,0,0,0,0,6998,-191,4482.47,3042.6,4233.31,10172,3174,0,6052,3647977.71
353b01bd-099b-4732-b5dd-bced6c71fc8a,2023-11-20,1,20,11,47,0,1,3897,1,0,0,1340.94,1,6052,3321,7143,3934.46,4285.63,6052,0,0,2556.06,3650533.77
353b01bd-099b-4732-b5dd-bced6c71fc8a,2023-11-21,2,21,11,47,0,0,6071,1,7051,1,0,0,2556.06,3133,-1682,3825.18,4132.73,3897,0,1340.94,-980,3649553.77
353b01bd-099b-4732-b5dd-bced6c71fc8a,2023-11-22,3,22,11,47,0,0,5128,1,0,0,0,0,-980,-15.77,8261,3237.61,4156.13,6071,7051,0,5128,3654681.77
353b01bd-099b-4732-b5dd-bced6c71fc8a,2023-11-23,4,23,11,47,0,0,10340,1,5255,1,0,0,5128,2926,3257,3972.44,4051.7,5128,0,0,5085,3659766.77
353b01bd-099b-4732-b5dd-bced6c71fc8a,2023-11-24,5,24,11,47,0,0,9341,1,0,0,0,0,5085,5127,6721,4280.87,4112.63,10340,5255,0,9341,3669107.77
353b01bd-099b-4732-b5dd-bced6c71fc8a,2023-11-25,6,25,11,47,1,0,13726,1,0,0,0,0,9341,6998,5605,4882.87,4199.97,9341,0,0,13726,3682833.77
353b01bd-099b-4732-b5dd-bced6c71fc8a,2023-11-26,0,26,11,47,1,0,6922,1,4071,1,0,0,13726,6052,6199,5844.01,4470.67,13726,0,0,2851,3685684.77
353b01bd-099b-4732-b5dd-bced6c71fc8a,2023-11-27,1,27,11,48,0,0,4902,1,0,0,0,0,2851,2556.06,1743,5386.72,4359.07,6922,4071,0,4902,3690586.77
353b01bd-099b-4732-b5dd-bced6c71fc8a,2023-11-28,2,28,11,48,0,0,6848,1,3494,1,0,0,4902,-980,6489,5721.86,4464.37,4902,0,0,3354,3693940.77
353b01bd-099b-4732-b5dd-bced6c71fc8a,2023-11-29,3,29,11,48,0,0,6127,1,0,0,0,0,3354,5128,341,6341,4359.87,6848,3494,0,6127,3700067.77
353b01bd-099b-4732-b5dd-bced6c71fc8a,2023-11-30,4,30,11,48,0,0,6730,1,0,0,4320.52,1,6127,5085,1729.45,6483.71,4552.73,6127,0,0,2409.48,3702477.25
353b01bd-099b-4732-b5dd-bced6c71fc8a,2023-12-01,5,1,12,48,0,0,10158,1,7718,1,5955.96,1,2409.48,9341,2706.25,6101.5,4575.4,6730,0,4320.52,-3515.96,3698961.29
353b01bd-099b-4732-b5dd-bced6c71fc8a,2023-12-02,6,2,12,48,1,0,7542,1,0,0,0,0,-3515.96,13726,1059,4264.79,4367.99,10158,7718,5955.96,7542,3706503.29
353b01bd-099b-4732-b5dd-bced6c71fc8a,2023-12-03,0,3,12,48,1,0,4864,1,0,0,0,0,7542,2851,13251,3381.36,4584.09,7542,0,0,4864,3711367.29
353b01bd-099b-4732-b5dd-bced6c71fc8a,2023-12-04,1,4,12,49,0,0,6092,1,0,0,0,0,4864,4902,6114,3668.93,4304.53,4864,0,0,6092,3717459.29
353b01bd-099b-4732-b5dd-bced6c71fc8a,2023-12-05,2,5,12,49,0,0,3940,1,0,0,0,0,6092,3354,7501,3838.93,4303.79,6092,0,0,3940,3721399.29
353b01bd-099b-4732-b5dd-bced6c71fc8a,2023-12-06,3,6,12,49,0,0,7218,1,4511,1,0,0,3940,6127,1447,3922.65,4185.09,3940,0,0,2707,3724106.29
353b01bd-099b-4732-b5dd-bced6c71fc8a,2023-12-07,4,7,12,49,0,0,5383,1,0,0,0,0,2707,2409.48,3612,3434.07,4227.09,7218,4511,0,5383,3729489.29
353b01bd-099b-4732-b5dd-bced6c71fc8a,2023-12-08,5,8,12,49,0,0,7320,1,6889,1,0,0,5383,-3515.96,32,3858.86,4286.13,5383,0,0,431,3729920.29
353b01bd-099b-4732-b5dd-bced6c71fc8a,2023-12-09,6,9,12,49,1,0,13921,1,0,0,0,0,431,7542,6296,4422.71,4299.43,7320,6889,0,13921,3743841.29
353b01bd-099b-4732-b5dd-bced6c71fc8a,2023-12-10,0,10,12,49,1,0,4140,1,4583,1,0,0,13921,4864,7790,5334,4553.59,13921,0,0,-443,3743398.29
353b01bd-099b-4732-b5dd-bced6c71fc8a,2023-12-11,1,11,12,50,0,0,5607,1,0,0,0,0,-443,6092,5604,4575.86,4279.16,4140,4583,0,5607,3749005.29
353b01bd-099b-4732-b5dd-bced6c71fc8a,2023-12-12,2,12,12,50,0,0,9894,1,0,0,0,0,5607,3940,-191,4506.57,4279.26,5607,0,0,9894,3758899.29
353b01bd-099b-4732-b5dd-bced6c71fc8a,2023-12-13,3,13,12,50,0,0,6660,1,4575,1,0,0,9894,2707,3321,5357.14,4615.43,9894,0,0,2085,3760984.29
353b01bd-099b-4732-b5dd-bced6c71fc8a,2023-12-14,4,14,12,50,0,0,7426,1,0,0,0,0,2085,5383,3133,5268.29,4574.23,6660,4575,0,7426,3768410.29
353b01bd-099b-4732-b5dd-bced6c71fc8a,2023-12-15,5,15,12,50,0,0,10041,1,3351,1,4990.17,1,7426,431,-15.77,5560.14,4717.33,7426,0,0,1699.83,3770110.12
353b01bd-099b-4732-b5dd-bced6c71fc8a,2023-12-16,6,16,12,50,1,0,5972,1,0,0,0,0,1699.83,13921,2926,5741.4,4774.51,10041,3351,4990.17,5972,3776082.12
353b01bd-099b-4732-b5dd-bced6c71fc8a,2023-12-17,0,17,12,50,1,0,2780,1,3317,1,0,0,5972,-443,5127,4605.83,4876.05,5972,0,0,-537,3775545.12
353b01bd-099b-4732-b5dd-bced6c71fc8a,2023-12-18,1,18,12,51,0,0,6721,1,0,0,0,0,-537,5607,6998,4592.4,4687.25,2780,3317,0,6721,3782266.12
353b01bd-099b-4732-b5dd-bced6c71fc8a,2023-12-19,2,19,12,51,0,0,7633,1,5454,1,0,0,6721,9894,6052,4751.55,4678.01,6721,0,0,2179,3784445.12
353b01bd-099b-4732-b5dd-bced6c71fc8a,2023-12-20,3,20,12,51,0,0,4879,1,0,0,1459.07,1,2179,2085,2556.06,3649.4,4548.91,7633,5454,0,3419.93,3787865.05
353b01bd-099b-4732-b5dd-bced6c71fc8a,2023-12-21,4,21,12,51,0,0,9261,1,0,0,0,0,3419.93,7426,-980,3840.11,4577.71,4879,0,1459.07,9261,3797126.05
353b01bd-099b-4732-b5dd-bced6c71fc8a,2023-12-22,5,22,12,51,0,0,13268,1,0,0,0,0,9261,1699.83,5128,4102.25,4919.08,9261,0,0,13268,3810394.05
353b01bd-099b-4732-b5dd-bced6c71fc8a,2023-12-23,6,23,12,51,1,0,9657,1,0,0,0,0,13268,5972,5085,5754.85,5190.41,13268,0,0,9657,3820051.05
353b01bd-099b-4732-b5dd-bced6c71fc8a,2023-12-24,0,24,12,51,1,0,5604,1,6314,1,0,0,9657,-537,9341,6281.28,5342.81,9657,0,0,-710,3819341.05
353b01bd-099b-4732-b5dd-bced6c71fc8a,2023-12-25,1,25,12,52,0,1,1455,1,0,0,0,0,-710,6721,13726,6256.56,5007.78,5604,6314,0,1455,3820796.05
353b01bd-099b-4732-b5dd-bced6c71fc8a,2023-12-26,2,26,12,52,0,0,5079,1,0,0,0,0,1455,2179,2851,5504.28,4598.74,1455,0,0,5079,3825875.05
353b01bd-099b-4732-b5dd-bced6c71fc8a,2023-12-27,3,27,12,52,0,0,6731,1,0,0,0,0,5079,3419.93,4902,5918.56,4673.01,5079,0,0,6731,3832606.05
353b01bd-099b-4732-b5dd-bced6c71fc8a,2023-12-28,4,28,12,52,0,0,4370,1,3372,1,0,0,6731,9261,3354,6391.57,4733.98,6731,0,0,998,3833604.05
353b01bd-099b-4732-b5dd-bced6c71fc8a,2023-12-29,5,29,12,52,0,0,13464,1,0,0,0,0,998,13268,6127,5211.14,4655.44,4370,3372,0,13464,3847068.05
353b01bd-099b-4732-b5dd-bced6c71fc8a,2023-12-30,6,30,12,52,1,0,6046,1,0,0,0,0,13464,9657,2409.48,5239.14,4900.01,13464,0,0,6046,3853114.05
353b01bd-099b-4732-b5dd-bced6c71fc8a,2023-12-31,0,31,12,52,1,0,7063,1,5224,1,4636.22,1,6046,-710,-3515.96,4723.29,5021.23,6046,0,0,-2797.22,3850316.83
353b01bd-099b-4732-b5dd-bced6c71fc8a,2024-01-01,1,1,1,1,0,1,1059,1,0,0,6069.8,1,-2797.22,1455,7542,4425.11,5045.18,7063,5224,4636.22,-5010.8,3845306.03
353b01bd-099b-4732-b5dd-bced6c71fc8a,2024-01-02,2,2,1,1,0,0,7985,1,6535,1,0,0,-5010.8,5079,4864,3501.43,4626.76,1059,0,6069.8,1450,3846756.03
353b01bd-099b-4732-b5dd-bced6c71fc8a,2024-01-03,3,3,1,1,0,0,9222,1,0,0,0,0,1450,6731,6092,2983,4512.96,7985,6535,0,9222,3855978.03
353b01bd-099b-4732-b5dd-bced6c71fc8a,2024-01-04,4,4,1,1,0,0,8593,1,4997,1,0,0,9222,998,3940,3338.85,4617.29,9222,0,0,3596,3859574.03
353b01bd-099b-4732-b5dd-bced6c71fc8a,2024-01-05,5,5,1,1,0,0,7719,1,0,0,0,0,3596,13464,2707,3710,4605.82,8593,4997,0,7719,3867293.03
353b01bd-099b-4732-b5dd-bced6c71fc8a,2024-01-06,6,6,1,1,1,0,12850,1,4808,1,0,0,7719,6046,5383,2889.28,4772.89,7719,0,0,8042,3875335.03
353b01bd-099b-4732-b5dd-bced6c71fc8a,2024-01-07,0,7,1,1,1,0,7157,1,0,0,0,0,8042,-2797.22,431,3174.43,4861.52,12850,4808,0,7157,3882492.03
353b01bd-099b-4732-b5dd-bced6c71fc8a,2024-01-08,1,8,1,2,0,0,7433,1,0,0,0,0,7157,-5010.8,13921,4596.46,5085.72,7157,0,0,7433,3889925.03
353b01bd-099b-4732-b5dd-bced6c71fc8a,2024-01-09,2,9,1,2,0,0,6422,1,0,0,0,0,7433,1450,-443,6374.14,4869.46,7433,0,0,6422,3896347.03
353b01bd-099b-4732-b5dd-bced6c71fc8a,2024-01-10,3,10,1,2,0,0,4252,1,0,0,0,0,6422,9222,5607,7084.43,5098.29,6422,0,0,4252,3900599.03
353b01bd-099b-4732-b5dd-bced6c71fc8a,2024-01-11,4,11,1,2,0,0,11155,1,0,0,0,0,4252,3596,9894,6374.43,5053.12,4252,0,0,11155,3911754.03
353b01bd-099b-4732-b5dd-bced6c71fc8a,2024-01-12,5,12,1,2,0,0,9964,1,0,0,0,0,11155,7719,2085,7454.29,5095.16,11155,0,0,9964,3921718.03
353b01bd-099b-4732-b5dd-bced6c71fc8a,2024-01-13,6,13,1,2,1,0,12680,1,0,0,0,0,9964,8042,7426,7775,5357.79,9964,0,0,12680,3934398.03
353b01bd-099b-4732-b5dd-bced6c71fc8a,2024-01-14,0,14,1,2,1,0,7852,1,0,0,0,0,12680,7157,1699.83,8437.57,5532.92,12680,0,0,7852,3942250.03
353b01bd-099b-4732-b5dd-bced6c71fc8a,2024-01-15,1,15,1,3,0,0,7542,1,5693,1,4734.96,1,7852,7433,5972,8536.86,5738,7852,0,0,-2885.96,3939364.07
353b01bd-099b-4732-b5dd-bced6c71fc8a,2024-01-16,2,16,1,3,0,0,5712,1,0,0,0,0,-2885.96,6422,-537,7062.72,5442.73,7542,5693,4734.96,5712,3945076.07
353b01bd-099b-4732-b5dd-bced6c71fc8a,2024-01-17,3,17,1,3,0,0,4382,1,5855,1,0,0,5712,4252,6721,6961.29,5651.03,5712,0,0,-1473,3943603.07
353b01bd-099b-4732-b5dd-bced6c71fc8a,2024-01-18,4,18,1,3,0,0,9655,1,0,0,0,0,-1473,11155,2179,6143.43,5377.9,4382,5855,0,9655,3953258.07
353b01bd-099b-4732-b5dd-bced6c71fc8a,2024-01-19,5,19,1,3,0,0,10001,1,0,0,0,0,9655,9964,3419.93,5929.15,5627.1,9655,0,0,10001,3963259.07
353b01bd-099b-4732-b5dd-bced6c71fc8a,2024-01-20,6,20,1,3,1,0,10449,1,3541,1,1422.07,1,10001,12680,9261,5934.43,5846.47,10001,0,0,5485.93,3968745
353b01bd-099b-4732-b5dd-bced6c71fc8a,2024-01-21,0,21,1,3,1,0,3678,1,0,0,0,0,5485.93,7852,13268,4906.71,5720.63,10449,3541,1422.07,3678,3972423
353b01bd-099b-4732-b5dd-bced6c71fc8a,2024-01-22,1,22,1,4,0,0,5416,1,0,0,0,0,3678,-2885.96,9657,4310.42,5400.96,3678,0,0,5416,3977839
353b01bd-099b-4732-b5dd-bced6c71fc8a,2024-01-23,2,23,1,4,0,0,7196,1,0,0,0,0,5416,5712,-710,5496.42,5259.6,5416,0,0,7196,3985035
353b01bd-099b-4732-b5dd-bced6c71fc8a,2024-01-24,3,24,1,4,0,0,9336,1,0,0,0,0,7196,-1473,1455,5708.42,5523.13,7196,0,0,9336,3994371
353b01bd-099b-4732-b5dd-bced6c71fc8a,2024-01-25,4,25,1,4,0,0,5216,1,0,0,0,0,9336,9655,5079,7252.56,5785.83,9336,0,0,5216,3999587
353b01bd-099b-4732-b5dd-bced6c71fc8a,2024-01-26,5,26,1,4,0,0,8733,1,6313,1,0,0,5216,10001,6731,6618.42,5790.4,5216,0,0,2420,4002007
353b01bd-099b-4732-b5dd-bced6c71fc8a,2024-01-27,6,27,1,4,1,0,6083,1,0,0,0,0,2420,5485.93,998,5535.42,5646.7,8733,6313,0,6083,4008090
353b01bd-099b-4732-b5dd-bced6c71fc8a,2024-01-28,0,28,1,4,1,0,8057,1,0,0,0,0,6083,3678,13464,5620.71,5816.2,6083,0,0,8057,4016147
353b01bd-099b-4732-b5dd-bced6c71fc8a,2024-01-29,1,29,1,5,0,0,3419,1,0,0,0,0,8057,5416,6046,6246.29,5635.96,8057,0,0,3419,4019566
353b01bd-099b-4732-b5dd-bced6c71fc8a,2024-01-30,2,30,1,5,0,0,8435,1,0,0,0,0,3419,7196,-2797.22,5961,5548.4,3419,0,0,8435,4028001
353b01bd-099b-4732-b5dd-bced6c71fc8a,2024-01-31,3,31,1,5,0,0,5345,1,6112,1,6339.26,1,8435,9336,-5010.8,6138,5922.81,8435,0,0,-7106.26,4020894.74
353b01bd-099b-4732-b5dd-bced6c71fc8a,2024-02-01,4,1,2,5,0,0,6807,1,0,0,5997.55,1,-7106.26,5216,1450,3789.11,5852.96,5345,6112,6339.26,809.45,4021704.19
353b01bd-099b-4732-b5dd-bced6c71fc8a,2024-02-02,5,2,2,5,0,0,12975,1,7076,1,0,0,809.45,2420,9222,3159.6,5831.61,6807,0,5997.55,5899,4027603.19
353b01bd-099b-4732-b5dd-bced6c71fc8a,2024-02-03,6,3,2,5,1,0,13521,1,0,0,0,0,5899,6083,3596,3656.6,5720.84,12975,7076,0,13521,4041124.19
353b01bd-099b-4732-b5dd-bced6c71fc8a,2024-02-04,0,4,2,5,1,0,5326,1,7598,1,0,0,13521,8057,7719,4719.17,6051.67,13521,0,0,-2272,4038852.19
353b01bd-099b-4732-b5dd-bced6c71fc8a,2024-02-05,1,5,2,6,0,1,7484,1,0,0,0,0,-2272,3419,8042,3243.6,5718.64,5326,7598,0,7484,4046336.19
353b01bd-099b-4732-b5dd-bced6c71fc8a,2024-02-06,2,6,2,6,0,0,3475,1,0,0,0,0,7484,8435,7157,3824.31,5700.04,7484,0,0,3475,4049811.19
353b01bd-099b-4732-b5dd-bced6c71fc8a,2024-02-07,3,7,2,6,0,0,3365,1,7653,1,0,0,3475,-7106.26,7433,3115.74,5577.31,3475,0,0,-4288,4045523.19
353b01bd-099b-4732-b5dd-bced6c71fc8a,2024-02-08,4,8,2,6,0,0,11156,1,0,0,0,0,-4288,809.45,6422,3518.35,5186.61,3365,7653,0,11156,4056679.19
353b01bd-099b-4732-b5dd-bced6c71fc8a,2024-02-09,5,9,2,6,0,0,5895,1,5510,1,0,0,11156,5899,4252,4996.43,5344.41,11156,0,0,385,4057064.19
353b01bd-099b-4732-b5dd-bced6c71fc8a,2024-02-10,6,10,2,6,1,0,12227,1,0,0,0,0,385,13521,11155,4208.71,5215.51,5895,5510,0,12227,4069291.19
353b01bd-099b-4732-b5dd-bced6c71fc8a,2024-02-11,0,11,2,6,1,0,5396,1,3342,1,0,0,12227,-2272,9964,4023.86,5251.24,12227,0,0,2054,4071345.19
353b01bd-099b-4732-b5dd-bced6c71fc8a,2024-02-12,1,12,2,7,0,0,3761,1,0,0,0,0,2054,7484,12680,4641.86,4987.57,5396,3342,0,3761,4075106.19
353b01bd-099b-4732-b5dd-bced6c71fc8a,2024-02-13,2,13,2,7,0,0,8301,1,0,0,0,0,3761,3475,7852,4110,4690.27,3761,0,0,8301,4083407.19
353b01bd-099b-4732-b5dd-bced6c71fc8a,2024-02-14,3,14,2,7,0,0,7119,1,0,0,0,0,8301,-4288,-2885.96,4799.43,4705.24,8301,0,0,7119,4090526.19
353b01bd-099b-4732-b5dd-bced6c71fc8a,2024-02-15,4,15,2,7,0,0,10561,1,3736,1,4077.15,1,7119,11156,5712,6429,5038.74,7119,0,0,2747.85,4093274.04
353b01bd-099b-4732-b5dd-bced6c71fc8a,2024-02-16,5,16,2,7,0,0,6551,1,0,0,0,0,2747.85,385,-1473,5227.84,4939.93,10561,3736,4077.15,6551,4099825.04
353b01bd-099b-4732-b5dd-bced6c71fc8a,2024-02-17,6,17,2,7,1,0,7273,1,0,0,0,0,6551,12227,9655,6108.69,5207.4,6551,0,0,7273,4107098.04
353b01bd-099b-4732-b5dd-bced6c71fc8a,2024-02-18,0,18,2,7,1,0,5454,1,7460,1,0,0,7273,2054,10001,5400.98,5128,7273,0,0,-2006,4105092.04
353b01bd-099b-4732-b5dd-bced6c71fc8a,2024-02-19,1,19,2,8,0,0,3069,1,0,0,0,0,-2006,3761,5485.93,4820.98,4727.77,5454,7460,0,3069,4108161.04
353b01bd-099b-4732-b5dd-bced6c71fc8a,2024-02-20,2,20,2,8,0,0,9760,1,0,0,898.56,1,3069,8301,3678,4722.12,4647.2,3069,0,0,8861.44,4117022.48
353b01bd-099b-4732-b5dd-bced6c71fc8a,2024-02-21,3,21,2,8,0,0,5709,1,0,0,0,0,8861.44,7119,5416,4802.18,4819.98,9760,0,898.56,5709,4122731.48
353b01bd-099b-4732-b5dd-bced6c71fc8a,2024-02-22,4,22,2,8,0,0,11069,1,6397,1,0,0,5709,2747.85,7196,4600.76,4829.75,5709,0,0,4672,4127403.48
353b01bd-099b-4732-b5dd-bced6c71fc8a,2024-02-23,5,23,2,8,0,0,10627,1,0,0,0,0,4672,6551,9336,4875.63,4745.62,11069,6397,0,10627,4138030.48
353b01bd-099b-4732-b5dd-bced6c71fc8a,2024-02-24,6,24,2,8,1,0,10894,1,6192,1,0,0,10627,7273,5216,5457.92,4788.65,10627,0,0,4702,4142732.48
353b01bd-099b-4732-b5dd-bced6c71fc8a,2024-02-25,0,25,2,8,1,0,5493,1,0,0,0,0,4702,-2006,2420,5090.63,4771.52,10894,6192,0,5493,4148225.48
353b01bd-099b-4732-b5dd-bced6c71fc8a,2024-02-26,1,26,2,9,0,0,5953,1,7258,1,0,0,5493,3069,6083,6161.92,4873.95,5493,0,0,-1305,4146920.48
353b01bd-099b-4732-b5dd-bced6c71fc8a,2024-02-27,2,27,2,9,0,0,8694,1,0,0,0,0,-1305,8861.44,8057,5537.06,4627.68,5953,7258,0,8694,4155614.48
353b01bd-099b-4732-b5dd-bced6c71fc8a,2024-02-28,3,28,2,9,0,0,10233,1,6384,1,0,0,8694,5709,3419,5513.14,4648.92,8694,0,0,3849,4159463.48
353b01bd-099b-4732-b5dd-bced6c71fc8a,2024-02-29,4,29,2,9,0,0,7809,1,0,0,6754.7,1,3849,4672,8435,5247.43,4663.25,10233,6384,0,1054.3,4160517.78
353b01bd-099b-4732-b5dd-bced6c71fc8a,2024-03-01,5,1,3,9,0,0,4626,1,0,0,5916.5,1,1054.3,10627,-7106.26,4730.61,4417.23,7809,0,6754.7,-1290.5,4159227.28
353b01bd-099b-4732-b5dd-bced6c71fc8a,2024-03-02,6,2,3,9,1,0,9439,1,4042,1,0,0,-1290.5,4702,809.45,3028.11,4611.08,4626,0,5916.5,5397,4164624.28
353b01bd-099b-4732-b5dd-bced6c71fc8a,2024-03-03,0,3,3,9,1,0,2919,1,0,0,0,0,5397,5493,5899,3127.4,4764,9439,4042,0,2919,4167543.28
353b01bd-099b-4732-b5dd-bced6c71fc8a,2024-03-04,1,4,3,10,0,0,6392,1,7687,1,0,0,2919,-1305,13521,2759.69,4664.67,2919,0,0,-1295,4166248.28
353b01bd-099b-4732-b5dd-bced6c71fc8a,2024-03-05,2,5,3,10,0,0,7318,1,0,0,0,0,-1295,8694,-2272,2761.11,4170.8,6392,7687,0,7318,4173566.28
353b01bd-099b-4732-b5dd-bced6c71fc8a,2024-03-06,3,6,3,10,0,0,6117,1,0,0,0,0,7318,3849,7484,2564.54,4490.47,7318,0,0,6117,4179683.28
353b01bd-099b-4732-b5dd-bced6c71fc8a,2024-03-07,4,7,3,10,0,0,10423,1,6770,1,0,0,6117,1054.3,3475,2888.54,4444.9,6117,0,0,3653,4183336.28
353b01bd-099b-4732-b5dd-bced6c71fc8a,2024-03-08,5,8,3,10,0,0,5091,1,0,0,0,0,3653,-1290.5,-4288,3259.79,4450.84,10423,6770,0,5091,4188427.28
353b01bd-099b-4732-b5dd-bced6c71fc8a,2024-03-09,6,9,3,10,1,0,13383,1,7787,1,0,0,5091,5397,11156,4171.43,4763.47,5091,0,0,5596,4194023.28
353b01bd-099b-4732-b5dd-bced6c71fc8a,2024-03-10,0,10,3,10,1,0,4928,1,0,0,0,0,5596,2919,385,4199.86,4578.14,13383,7787,0,4928,4198951.28
353b01bd-099b-4732-b5dd-bced6c71fc8a,2024-03-11,1,11,3,11,0,0,3942,1,7758,1,0,0,4928,-1295,12227,4486.86,4729.57,4928,0,0,-3816,4195135.28
353b01bd-099b-4732-b5dd-bced6c71fc8a,2024-03-12,2,12,3,11,0,0,8818,1,0,0,0,0,-3816,7318,2054,4126.71,4194.8,3942,7758,0,8818,4203953.28
353b01bd-099b-4732-b5dd-bced6c71fc8a,2024-03-13,3,13,3,11,0,0,4923,1,0,0,0,0,8818,6117,3761,4341,4420.27,8818,0,0,4923,4208876.28
353b01bd-099b-4732-b5dd-bced6c71fc8a,2024-03-14,4,14,3,11,0,0,6284,1,4503,1,0,0,4923,3653,8301,4170.43,4459,4923,0,0,1781,4210657.28
353b01bd-099b-4732-b5dd-bced6c71fc8a,2024-03-15,5,15,3,11,0,0,8727,1,0,0,6754.1,1,1781,5091,7119,3903,4241.67,6284,4503,0,1972.9,4212630.18
353b01bd-099b-4732-b5dd-bced6c71fc8a,2024-03-16,6,16,3,11,1,0,13505,1,0,0,0,0,1972.9,5596,2747.85,3457.56,4070.13,8727,0,6754.1,13505,4226135.18
353b01bd-099b-4732-b5dd-bced6c71fc8a,2024-03-17,0,17,3,11,1,0,7034,1,6497,1,0,0,13505,4928,6551,4587.41,4428.7,13505,0,0,537,4226672.18
353b01bd-099b-4732-b5dd-bced6c71fc8a,2024-03-18,1,18,3,12,0,0,5234,1,0,0,0,0,537,-3816,7273,3960.13,4228.24,7034,6497,0,5234,4231906.18
353b01bd-099b-4732-b5dd-bced6c71fc8a,2024-03-19,2,19,3,12,0,0,5284,1,0,0,0,0,5234,8818,-2006,5252.99,4160.27,5234,0,0,5284,4237190.18
353b01bd-099b-4732-b5dd-bced6c71fc8a,2024-03-20,3,20,3,12,0,0,5571,1,0,0,1044.65,1,5284,4923,3069,4748.13,4403.27,5284,0,0,4526.35,4241716.53
353b01bd-099b-4732-b5dd-bced6c71fc8a,2024-03-21,4,21,3,12,0,1,5928,1,0,0,0,0,4526.35,1781,8861.44,4691.46,4451.85,5571,0,1044.65,5928,4247644.53
353b01bd-099b-4732-b5dd-bced6c71fc8a,2024-03-22,5,22,3,12,0,0,8587,1,7967,1,0,0,5928,1972.9,5709,5283.89,4354.07,5928,0,0,620,4248264.53
353b01bd-099b-4732-b5dd-bced6c71fc8a,2024-03-23,6,23,3,12,1,0,10873,1,0,0,0,0,620,13505,4672,5090.62,4184.44,8587,7967,0,10873,4259137.53
353b01bd-099b-4732-b5dd-bced6c71fc8a,2024-03-24,0,24,3,12,1,0,6590,1,4088,1,0,0,10873,537,10627,4714.62,4391.13,10873,0,0,2502,4261639.53
353b01bd-099b-4732-b5dd-bced6c71fc8a,2024-03-25,1,25,3,13,0,0,4890,1,0,0,0,0,2502,5234,4702,4995.34,4120.3,6590,4088,0,4890,4266529.53
353b01bd-099b-4732-b5dd-bced6c71fc8a,2024-03-26,2,26,3,13,0,0,4163,1,7834,1,0,0,4890,5284,5493,4946.19,4126.57,4890,0,0,-3671,4262858.53
353b01bd-099b-4732-b5dd-bced6c71fc8a,2024-03-27,3,27,3,13,0,0,8977,1,0,0,0,0,-3671,4526.35,-1305,3666.91,3821.1,4163,7834,0,8977,4271835.53
353b01bd-099b-4732-b5dd-bced6c71fc8a,2024-03-28,4,28,3,13,0,0,9546,1,4253,1,0,0,8977,5928,8694,4302.71,4163.84,8977,0,0,5293,4277128.53
353b01bd-099b-4732-b5dd-bced6c71fc8a,2024-03-29,5,29,3,13,0,0,10721,1,0,0,0,0,5293,620,3849,4212,4050.47,9546,4253,0,10721,4287849.53
353b01bd-099b-4732-b5dd-bced6c71fc8a,2024-03-30,6,30,3,13,1,0,5005,1,7913,1,0,0,10721,10873,1054.3,5655,4279.54,10721,0,0,-2908,4284941.53
353b01bd-099b-4732-b5dd-bced6c71fc8a,2024-03-31,0,31,3,13,1,0,7391,1,0,0,6512.12,1,-2908,2502,-1290.5,3686.29,4147.46,5005,7913,0,878.88,4285820.41
353b01bd-099b-4732-b5dd-bced6c71fc8a,2024-04-01,1,1,4,14,0,0,6304,1,0,0,5976.51,1,878.88,4890,5397,3454.41,4219.77,7391,0,6512.12,327.49,4286147.9
353b01bd-099b-4732-b5dd-bced6c71fc8a,2024-04-02,2,2,4,14,0,0,4089,1,5208,1,0,0,327.49,-3671,2919,2802.62,4050.79,6304,0,5976.51,-1119,4285028.9
353b01bd-099b-4732-b5dd-bced6c71fc8a,2024-04-03,3,3,4,14,0,0,5531,1,0,0,0,0,-1119,8977,-1295,3167.2,3916.19,4089,5208,0,5531,4290559.9
353b01bd-099b-4732-b5dd-bced6c71fc8a,2024-04-04,4,4,4,14,0,0,7060,1,0,0,0,0,5531,5293,7318,2674.91,4143.72,5531,0,0,7060,4297619.9
353b01bd-099b-4732-b5dd-bced6c71fc8a,2024-04-05,5,5,4,14,0,0,10661,1,0,0,0,0,7060,10721,6117,2927.34,4135.12,7060,0,0,10661,4308280.9
353b01bd-099b-4732-b5dd-bced6c71fc8a,2024-04-06,6,6,4,14,1,0,7887,1,0,0,0,0,10661,-2908,3653,2918.77,4286.59,10661,0,0,7887,4316167.9
353b01bd-099b-4732-b5dd-bced6c71fc8a,2024-04-07,0,7,4,14,1,0,4959,1,0,0,0,0,7887,878.88,5091,4460.91,4427.72,7887,0,0,4959,4321126.9
353b01bd-099b-4732-b5dd-bced6c71fc8a,2024-04-08,1,8,4,15,0,0,7539,1,0,0,0,0,4959,327.49,5596,5043.78,4423.32,4959,0,0,7539,4328665.9
353b01bd-099b-4732-b5dd-bced6c71fc8a,2024-04-09,2,9,4,15,0,0,4273,1,4388,1,0,0,7539,-1119,4928,6074,4488.09,7539,0,0,-115,4328550.9
353b01bd-099b-4732-b5dd-bced6c71fc8a,2024-04-10,3,10,4,15,0,0,10386,1,0,0,0,0,-115,5531,-3816,6217.43,4319.99,4273,4388,0,10386,4338936.9
353b01bd-099b-4732-b5dd-bced6c71fc8a,2024-04-11,4,11,4,15,0,0,4457,1,5350,1,0,0,10386,7060,8818,6911,4793.39,10386,0,0,-893,4338043.9
353b01bd-099b-4732-b5dd-bced6c71fc8a,2024-04-12,5,12,4,15,0,0,10382,1,0,0,0,0,-893,10661,4923,5774.86,4469.69,4457,5350,0,10382,4348425.9
353b01bd-099b-4732-b5dd-bced6c71fc8a,2024-04-13,6,13,4,15,1,0,10625,1,5756,1,0,0,10382,7887,1781,5735,4651.65,10382,0,0,4869,4353294.9
353b01bd-099b-4732-b5dd-bced6c71fc8a,2024-04-14,0,14,4,15,1,0,5587,1,0,0,0,0,4869,4959,1972.9,5303.86,4754.59,10625,5756,0,5587,4358881.9
353b01bd-099b-4732-b5dd-bced6c71fc8a,2024-04-15,1,15,4,16,0,0,3858,1,7288,1,6484.08,1,5587,7539,13505,5393.57,4875.06,5587,0,0,-9914.08,4348967.82
353b01bd-099b-4732-b5dd-bced6c71fc8a,2024-04-16,2,16,4,16,0,0,5577,1,0,0,0,0,-9914.08,-115,537,2900.27,4094.42,3858,7288,6484.08,5577,4354544.82
353b01bd-099b-4732-b5dd-bced6c71fc8a,2024-04-17,3,17,4,16,0,0,9656,1,0,0,0,0,5577,10386,5234,3713.42,4262.42,5577,0,0,9656,4364200.82
353b01bd-099b-4732-b5dd-bced6c71fc8a,2024-04-18,4,18,4,16,0,0,6465,1,7094,1,0,0,9656,-893,5284,3609.13,4409.82,9656,0,0,-629,4363571.82
353b01bd-099b-4732-b5dd-bced6c71fc8a,2024-04-19,5,19,4,16,0,0,13467,1,0,0,0,0,-629,10382,4526.35,3646.85,4212.72,6465,7094,0,13467,4377038.82
353b01bd-099b-4732-b5dd-bced6c71fc8a,2024-04-20,6,20,4,16,1,0,7373,1,0,0,1343.91,1,13467,4869,5928,4087.56,4510.74,13467,0,0,6029.09,4383067.91
353b01bd-099b-4732-b5dd-bced6c71fc8a,2024-04-21,0,21,4,16,1,0,4898,1,5308,1,0,0,6029.09,5587,620,4253.29,4514.11,7373,0,1343.91,-410,4382657.91
353b01bd-099b-4732-b5dd-bced6c71fc8a,2024-04-22,1,22,4,17,0,0,4965,1,0,0,0,0,-410,-9914.08,10873,3396.57,4479.78,4898,5308,0,4965,4387622.91
353b01bd-099b-4732-b5dd-bced6c71fc8a,2024-04-23,2,23,4,17,0,0,5766,1,3569,1,0,0,4965,5577,2502,5522.16,4282.85,4965,0,0,2197,4389819.91
353b01bd-099b-4732-b5dd-bced6c71fc8a,2024-04-24,3,24,4,17,0,0,4261,1,0,0,0,0,2197,9656,4890,5039.3,4272.68,5766,3569,0,4261,4394080.91
353b01bd-099b-4732-b5dd-bced6c71fc8a,2024-04-25,4,25,4,17,0,0,9905,1,4409,1,0,0,4261,-629,-3671,4268.58,4251.71,4261,0,0,5496,4399576.91
353b01bd-099b-4732-b5dd-bced6c71fc8a,2024-04-26,5,26,4,17,0,0,9377,1,0,0,0,0,5496,13467,8977,5143.58,4557.28,9905,4409,0,9377,4408953.91
353b01bd-099b-4732-b5dd-bced6c71fc8a,2024-04-27,6,27,4,17,1,0,10178,1,3539,1,0,0,9377,6029.09,5293,4559.3,4570.61,9377,0,0,6639,4415592.91
353b01bd-099b-4732-b5dd-bced6c71fc8a,2024-04-28,0,28,4,17,1,0,5151,1,0,0,0,0,6639,-410,10721,4646.43,4615.48,10178,3539,0,5151,4420743.91
353b01bd-099b-4732-b5dd-bced6c71fc8a,2024-04-29,1,29,4,18,0,0,3295,1,0,0,0,0,5151,4965,-2908,5440.86,4429.81,5151,0,0,3295,4424038.91
353b01bd-099b-4732-b5dd-bced6c71fc8a,2024-04-30,2,30,4,18,0,0,9230,1,4254,1,6369.46,1,3295,2197,878.88,5202.29,4636.58,3295,0,0,-1393.46,4422645.45
353b01bd-099b-4732-b5dd-bced6c71fc8a,2024-05-01,3,1,5,18,0,1,3543,1,0,0,5825.92,1,-1393.46,4261,327.49,4689.36,4560.83,9230,4254,6369.46,-2282.92,4420362.53
353b01bd-099b-4732-b5dd-bced6c71fc8a,2024-05-02,4,2,5,18,0,0,8254,1,4973,1,0,0,-2282.92,5496,-1119,3754.52,4473.82,3543,0,5825.92,3281,4423643.53
353b01bd-099b-4732-b5dd-bced6c71fc8a,2024-05-03,5,3,5,18,0,0,10985,1,0,0,0,0,3281,9377,5531,3438.09,4620.49,8254,4973,0,10985,4434628.53
353b01bd-099b-4732-b5dd-bced6c71fc8a,2024-05-04,6,4,5,18,1,0,4626,1,6235,1,0,0,10985,6639,7060,3667.8,4802.29,10985,0,0,-1609,4433019.53
353b01bd-099b-4732-b5dd-bced6c71fc8a,2024-05-05,0,5,5,18,1,0,7535,1,0,0,0,0,-1609,5151,10661,2489.52,4513.32,4626,6235,0,7535,4440554.53
353b01bd-099b-4732-b5dd-bced6c71fc8a,2024-05-06,1,6,5,19,0,0,7935,1,6302,1,0,0,7535,3295,7887,2830.09,4409.12,7535,0,0,1633,4442187.53
353b01bd-099b-4732-b5dd-bced6c71fc8a,2024-05-07,2,7,5,19,0,0,8136,1,0,0,0,0,1633,-1393.46,4959,2592.66,4200.65,7935,6302,0,8136,4450323.53
353b01bd-099b-4732-b5dd-bced6c71fc8a,2024-05-08,3,8,5,19,0,0,8012,1,0,0,0,0,8136,-2282.92,7539,3954.01,4306.55,8136,0,0,8012,4458335.53
353b01bd-099b-4732-b5dd-bced6c71fc8a,2024-05-09,4,9,5,19,0,0,9811,1,4818,1,0,0,8012,3281,-115,5424.71,4322.32,8012,0,0,4993,4463328.53
353b01bd-099b-4732-b5dd-bced6c71fc8a,2024-05-10,5,10,5,19,0,1,16015,1,0,0,0,0,4993,10985,10386,5669.29,4492.59,9811,4818,0,16015,4479343.53
353b01bd-099b-4732-b5dd-bced6c71fc8a,2024-05-11,6,11,5,19,1,0,12796,1,3431,1,0,0,16015,-1609,-893,6387.86,4680.22,16015,0,0,9365,4488708.53
353b01bd-099b-4732-b5dd-bced6c71fc8a,2024-05-12,0,12,5,19,1,0,3422,1,0,0,0,0,9365,7535,10382,7955.57,5022.15,12796,3431,0,3422,4492130.53
353b01bd-099b-4732-b5dd-bced6c71fc8a,2024-05-13,1,13,5,20,0,0,4312,1,4783,1,0,0,3422,1633,4869,7368,4790.15,3422,0,0,-471,4491659.53
353b01bd-099b-4732-b5dd-bced6c71fc8a,2024-05-14,2,14,5,20,0,0,7195,1,0,0,0,0,-471,8136,5587,7067.43,4612.15,4312,4783,0,7195,4498854.53
353b01bd-099b-4732-b5dd-bced6c71fc8a,2024-05-15,3,15,5,20,0,0,8962,1,0,0,6911.24,1,7195,8012,-9914.08,6933,4665.75,7195,0,0,2050.76,4500905.29
353b01bd-099b-4732-b5dd-bced6c71fc8a,2024-05-16,4,16,5,20,0,0,9934,1,3334,1,0,0,2050.76,4993,5577,6081.39,5064.58,8962,0,6911.24,6600,4507505.29
353b01bd-099b-4732-b5dd-bced6c71fc8a,2024-05-17,5,17,5,20,0,0,6805,1,0,0,0,0,6600,16015,9656,6310.97,5098.68,9934,3334,0,6805,4514310.29
353b01bd-099b-4732-b5dd-bced6c71fc8a,2024-05-18,6,18,5,20,1,0,7408,1,6213,1,0,0,6805,9365,-629,4995.25,5003.65,6805,0,0,1195,4515505.29
353b01bd-099b-4732-b5dd-bced6c71fc8a,2024-05-19,0,19,5,20,1,0,3159,1,0,0,0,0,1195,3422,13467,3828.11,5064.45,7408,6213,0,3159,4518664.29
353b01bd-099b-4732-b5dd-bced6c71fc8a,2024-05-20,1,20,5,21,0,0,6226,1,0,0,1150.84,1,3159,-471,6029.09,3790.54,4720.85,3159,0,0,5075.16,4523739.45
353b01bd-099b-4732-b5dd-bced6c71fc8a,2024-05-21,2,21,5,21,0,0,6265,1,7727,1,0,0,5075.16,7195,-410,4582.85,4689.05,6226,0,1150.84,-1462,4522277.45
353b01bd-099b-4732-b5dd-bced6c71fc8a,2024-05-22,3,22,5,21,0,0,4868,1,0,0,0,0,-1462,2050.76,4965,3346.13,4653.98,6265,7727,0,4868,4527145.45
353b01bd-099b-4732-b5dd-bced6c71fc8a,2024-05-23,4,23,5,21,0,0,8559,1,6979,1,0,0,4868,6600,2197,3748.59,4650.75,4868,0,0,1580,4528725.45
353b01bd-099b-4732-b5dd-bced6c71fc8a,2024-05-24,5,24,5,21,0,0,13704,1,0,0,0,0,1580,6805,4261,3031.45,4630.18,8559,6979,0,13704,4542429.45
353b01bd-099b-4732-b5dd-bced6c71fc8a,2024-05-25,6,25,5,21,1,0,13531,1,7910,1,0,0,13704,1195,5496,4017.02,4944.95,13704,0,0,5621,4548050.45
353b01bd-099b-4732-b5dd-bced6c71fc8a,2024-05-26,0,26,5,21,1,0,6830,1,0,0,0,0,5621,3159,9377,4649.31,4949.12,13531,7910,0,6830,4554880.45
353b01bd-099b-4732-b5dd-bced6c71fc8a,2024-05-27,1,27,5,22,0,0,8265,1,6504,1,0,0,6830,5075.16,6639,5173.74,4864.22,6830,0,0,1761,4556641.45
353b01bd-099b-4732-b5dd-bced6c71fc8a,2024-05-28,2,28,5,22,0,0,3689,1,0,0,0,0,1761,-1462,5151,4700.29,4701.62,8265,6504,0,3689,4560330.45
353b01bd-099b-4732-b5dd-bced6c71fc8a,2024-05-29,3,29,5,22,0,0,3672,1,0,0,0,0,3689,4868,3295,5436.14,4652.88,3689,0,0,3672,4564002.45
353b01bd-099b-4732-b5dd-bced6c71fc8a,2024-05-30,4,30,5,22,0,0,11065,1,5056,1,0,0,3672,1580,-1393.46,5265.29,4665.45,3672,0,0,6009,4570011.45
353b01bd-099b-4732-b5dd-bced6c71fc8a,2024-05-31,5,31,5,22,0,0,6642,1,0,0,6957.21,1,6009,13704,-2282.92,5898,4912.2,11065,5056,0,-315.21,4569696.24
353b01bd-099b-4732-b5dd-bced6c71fc8a,2024-06-01,6,1,6,22,1,0,6334,1,3253,1,5824.05,1,-315.21,5621,3281,3895.26,4977.79,6642,0,6957.21,-2743.05,4566953.19
353b01bd-099b-4732-b5dd-bced6c71fc8a,2024-06-02,0,2,6,22,1,0,5697,1,0,0,0,0,-2743.05,6830,10985,2700.39,4776.99,6334,3253,5824.05,5697,4572650.19
353b01bd-099b-4732-b5dd-bced6c71fc8a,2024-06-03,1,3,6,23,0,0,3596,1,7065,1,0,0,5697,1761,-1609,2538.53,4600.72,5697,0,0,-3469,4569181.19
353b01bd-099b-4732-b5dd-bced6c71fc8a,2024-06-04,2,4,6,23,0,0,4650,1,0,0,0,0,-3469,3689,7535,1791.39,4538.72,3596,7065,0,4650,4573831.19
353b01bd-099b-4732-b5dd-bced6c71fc8a,2024-06-05,3,5,6,23,0,0,8767,1,0,0,0,0,4650,3672,1633,1928.68,4442.56,4650,0,0,8767,4582598.19
353b01bd-099b-4732-b5dd-bced6c71fc8a,2024-06-06,4,6,6,23,0,0,11389,1,0,0,0,0,8767,6009,8136,2656.53,4680.36,8767,0,0,11389,4593987.19
353b01bd-099b-4732-b5dd-bced6c71fc8a,2024-06-07,5,7,6,23,0,0,5627,1,0,0,0,0,11389,-315.21,8012,3425.11,4788.79,11389,0,0,5627,4599614.19
353b01bd-099b-4732-b5dd-bced6c71fc8a,2024-06-08,6,8,6,23,1,0,10404,1,5565,1,0,0,5627,-2743.05,4993,4273.99,4709.29,5627,0,0,4839,4604453.19
353b01bd-099b-4732-b5dd-bced6c71fc8a,2024-06-09,0,9,6,23,1,0,4300,1,0,0,0,0,4839,5697,16015,5357.14,4704.16,10404,5565,0,4300,4608753.19
353b01bd-099b-4732-b5dd-bced6c71fc8a,2024-06-10,1,10,6,24,0,0,8039,1,3020,1,0,0,4300,-3469,9365,5157.57,4313.66,4300,0,0,5019,4613772.19
353b01bd-099b-4732-b5dd-bced6c71fc8a,2024-06-11,2,11,6,24,0,0,9236,1,0,0,0,0,5019,4650,3422,6370.14,4168.79,8039,3020,0,9236,4623008.19
353b01bd-099b-4732-b5dd-bced6c71fc8a,2024-06-12,3,12,6,24,0,0,8610,1,0,0,0,0,9236,8767,-471,7025.29,4362.59,9236,0,0,8610,4631618.19
353b01bd-099b-4732-b5dd-bced6c71fc8a,2024-06-13,4,13,6,24,0,0,11446,1,3393,1,0,0,8610,11389,7195,7002.86,4665.29,8610,0,0,8053,4639671.19
353b01bd-099b-4732-b5dd-bced6c71fc8a,2024-06-14,5,14,6,24,0,0,12041,1,0,0,0,0,8053,5627,2050.76,6526.29,4693.89,11446,3393,0,12041,4651712.19
353b01bd-099b-4732-b5dd-bced6c71fc8a,2024-06-15,6,15,6,24,1,0,12574,1,6288,1,6577.19,1,12041,4839,6600,7442.57,5026.9,12041,0,0,-291.19,4651421
353b01bd-099b-4732-b5dd-bced6c71fc8a,2024-06-16,0,16,6,24,1,0,5486,1,0,0,0,0,-291.19,4300,6805,6709.69,4797.19,12574,6288,6577.19,5486,4656907
353b01bd-099b-4732-b5dd-bced6c71fc8a,2024-06-17,1,17,6,25,0,0,4773,1,4589,1,0,0,5486,5019,1195,6879.12,4753.22,5486,0,0,184,4657091
353b01bd-099b-4732-b5dd-bced6c71fc8a,2024-06-18,2,18,6,25,0,0,6807,1,0,0,0,0,184,9236,3159,6188.4,4719.52,4773,4589,0,6807,4663898
353b01bd-099b-4732-b5dd-bced6c71fc8a,2024-06-19,3,19,6,25,0,0,9645,1,0,0,0,0,6807,8610,5075.16,5841.4,4841.12,6807,0,0,9645,4673543
353b01bd-099b-4732-b5dd-bced6c71fc8a,2024-06-20,4,20,6,25,0,0,8792,1,7764,1,809.47,1,9645,8053,-1462,5989.26,4993.45,9645,0,0,218.53,4673761.53
353b01bd-099b-4732-b5dd-bced6c71fc8a,2024-06-21,5,21,6,25,0,0,12477,1,0,0,0,0,218.53,12041,4868,4870.05,5049.47,8792,7764,809.47,12477,4686238.53
353b01bd-099b-4732-b5dd-bced6c71fc8a,2024-06-22,6,22,6,25,1,0,13621,1,0,0,0,0,12477,-291.19,1580,4932.33,5303.1,12477,0,0,13621,4699859.53
353b01bd-099b-4732-b5dd-bced6c71fc8a,2024-06-23,0,23,6,25,1,0,2645,1,5731,1,0,0,13621,5486,13704,6919.79,5704.47,13621,0,0,-3086,4696773.53
353b01bd-099b-4732-b5dd-bced6c71fc8a,2024-06-24,1,24,6,26,0,0,8757,1,0,0,0,0,-3086,184,5621,5695.22,5144.8,2645,5731,0,8757,4705530.53
353b01bd-099b-4732-b5dd-bced6c71fc8a,2024-06-25,2,25,6,26,0,0,7715,1,4834,1,0,0,8757,6807,6830,6919.93,5249.34,8757,0,0,2881,4708411.53
353b01bd-099b-4732-b5dd-bced6c71fc8a,2024-06-26,3,26,6,26,0,0,10017,1,0,0,0,0,2881,9645,1761,6359.08,5117.7,7715,4834,0,10017,4718428.53
353b01bd-099b-4732-b5dd-bced6c71fc8a,2024-06-27,4,27,6,26,0,0,7691,1,3180,1,0,0,10017,218.53,3689,6412.22,5392.9,10017,0,0,4511,4722939.53
353b01bd-099b-4732-b5dd-bced6c71fc8a,2024-06-28,5,28,6,26,0,0,11535,1,0,0,0,0,4511,12477,3672,7025.43,5420.3,7691,3180,0,11535,4734474.53
353b01bd-099b-4732-b5dd-bced6c71fc8a,2024-06-29,6,29,6,26,1,0,9688,1,6698,1,0,0,11535,13621,6009,6890.86,5682.4,11535,0,0,2990,4737464.53
353b01bd-099b-4732-b5dd-bced6c71fc8a,2024-06-30,0,30,6,26,1,0,6126,1,0,0,6069.18,1,2990,-3086,-315.21,5372.14,5581.77,9688,6698,0,56.82,4737521.35
353b01bd-099b-4732-b5dd-bced6c71fc8a,2024-07-01,1,1,7,27,0,0,4529,1,4731,1,6085.92,1,56.82,8757,-2743.05,5821.12,5594.17,6126,0,6069.18,-6287.92,4731233.43
353b01bd-099b-4732-b5dd-bced6c71fc8a,2024-07-02,2,2,7,27,0,0,7702,1,0,0,0,0,-6287.92,2881,5697,3671.84,5476.01,4529,4731,6085.92,7702,4738935.43
353b01bd-099b-4732-b5dd-bced6c71fc8a,2024-07-03,3,3,7,27,0,0,8413,1,6067,1,0,0,7702,10017,-3469,4360.56,5542.84,7702,0,0,2346,4741281.43
353b01bd-099b-4732-b5dd-bced6c71fc8a,2024-07-04,4,4,7,27,0,0,9274,1,0,0,0,0,2346,4511,4650,3264.7,5736.67,8413,6067,0,9274,4750555.43
353b01bd-099b-4732-b5dd-bced6c71fc8a,2024-07-05,5,5,7,27,0,0,10972,1,0,0,0,0,9274,11535,8767,3945.13,5890.81,9274,0,0,10972,4761527.43
353b01bd-099b-4732-b5dd-bced6c71fc8a,2024-07-06,6,6,7,27,1,0,12797,1,0,0,0,0,10972,2990,11389,3864.7,5964.31,10972,0,0,12797,4774324.43
353b01bd-099b-4732-b5dd-bced6c71fc8a,2024-07-07,0,7,7,27,1,0,6525,1,0,0,0,0,12797,56.82,5627,5265.7,6011.24,12797,0,0,6525,4780849.43
353b01bd-099b-4732-b5dd-bced6c71fc8a,2024-07-08,1,8,7,28,0,0,3344,1,3770,1,0,0,6525,-6287.92,4839,6189.73,6041.17,6525,0,0,-426,4780423.43
353b01bd-099b-4732-b5dd-bced6c71fc8a,2024-07-09,2,9,7,28,0,0,4380,1,0,0,0,0,-426,7702,4300,7027.14,5865.67,3344,3770,0,4380,4784803.43
353b01bd-099b-4732-b5dd-bced6c71fc8a,2024-07-10,3,10,7,28,0,0,9030,1,7291,1,0,0,4380,2346,5019,6552.57,5868.34,4380,0,0,1739,4786542.43
353b01bd-099b-4732-b5dd-bced6c71fc8a,2024-07-11,4,11,7,28,0,0,10229,1,0,0,0,0,1739,9274,9236,6465.86,5759.01,9030,7291,0,10229,4796771.43
353b01bd-099b-4732-b5dd-bced6c71fc8a,2024-07-12,5,12,7,28,0,0,7149,1,0,0,0,0,10229,10972,8610,6602.29,5792.11,10229,0,0,7149,4803920.43
353b01bd-099b-4732-b5dd-bced6c71fc8a,2024-07-13,6,13,7,28,1,0,5570,1,0,0,0,0,7149,12797,8053,6056.14,5743.41,7149,0,0,5570,4809490.43
353b01bd-099b-4732-b5dd-bced6c71fc8a,2024-07-14,0,14,7,28,1,0,6074,1,7427,1,0,0,5570,6525,12041,5023.71,5660.64,5570,0,0,-1353,4808137.43
353b01bd-099b-4732-b5dd-bced6c71fc8a,2024-07-15,1,15,7,29,0,0,8460,1,0,0,5788.9,1,-1353,-426,-291.19,3898.29,5214.17,6074,7427,0,2671.1,4810808.53
353b01bd-099b-4732-b5dd-bced6c71fc8a,2024-07-16,2,16,7,29,0,0,7724,1,3445,1,0,0,2671.1,4380,5486,4340.73,5312.92,8460,0,5788.9,4279,4815087.53
353b01bd-099b-4732-b5dd-bced6c71fc8a,2024-07-17,3,17,7,29,0,0,9375,1,0,0,0,0,4279,1739,184,4326.3,5272.68,7724,3445,0,9375,4824462.53
353b01bd-099b-4732-b5dd-bced6c71fc8a,2024-07-18,4,18,7,29,0,0,5730,1,6205,1,0,0,9375,10229,6807,5417.16,5579.05,9375,0,0,-475,4823987.53
353b01bd-099b-4732-b5dd-bced6c71fc8a,2024-07-19,5,19,7,29,0,0,4510,1,0,0,0,0,-475,7149,9645,3888.01,5336.32,5730,6205,0,4510,4828497.53
353b01bd-099b-4732-b5dd-bced6c71fc8a,2024-07-20,6,20,7,29,1,0,6990,1,6933,1,876.31,1,4510,5570,218.53,3511.01,5165.15,4510,0,0,-819.31,4827678.22
353b01bd-099b-4732-b5dd-bced6c71fc8a,2024-07-21,0,21,7,29,1,0,7601,1,0,0,0,0,-819.31,-1353,12477,2598.26,5130.56,6990,6933,876.31,7601,4835279.22
353b01bd-099b-4732-b5dd-bced6c71fc8a,2024-07-22,1,22,7,30,0,0,6906,1,0,0,0,0,7601,2671.1,13621,3877.4,4968.02,7601,0,0,6906,4842185.22
353b01bd-099b-4732-b5dd-bced6c71fc8a,2024-07-23,2,23,7,30,0,0,6583,1,5594,1,0,0,6906,4279,-3086,4482.38,4744.19,6906,0,0,989,4843174.22
353b01bd-099b-4732-b5dd-bced6c71fc8a,2024-07-24,3,24,7,30,0,0,8061,1,0,0,0,0,989,9375,8757,4012.38,4880.02,6583,5594,0,8061,4851235.22
353b01bd-099b-4732-b5dd-bced6c71fc8a,2024-07-25,4,25,7,30,0,0,10243,1,0,0,0,0,8061,-475,2881,3824.67,4856.82,8061,0,0,10243,4861478.22
353b01bd-099b-4732-b5dd-bced6c71fc8a,2024-07-26,5,26,7,30,0,0,8153,1,0,0,0,0,10243,4510,10017,5355.81,5102.22,10243,0,0,8153,4869631.22
353b01bd-099b-4732-b5dd-bced6c71fc8a,2024-07-27,6,27,7,30,1,0,5130,1,0,0,0,0,8153,-819.31,4511,5876.24,5040.09,8153,0,0,5130,4874761.22
353b01bd-099b-4732-b5dd-bced6c71fc8a,2024-07-28,0,28,7,30,1,0,5275,1,0,0,0,0,5130,7601,11535,6726.14,5060.72,5130,0,0,5275,4880036.22
353b01bd-099b-4732-b5dd-bced6c71fc8a,2024-07-29,1,29,7,31,0,0,7796,1,0,0,0,0,5275,6906,2990,6393.86,4852.06,5275,0,0,7796,4887832.22
353b01bd-099b-4732-b5dd-bced6c71fc8a,2024-07-30,2,30,7,31,0,0,9269,1,6197,1,0,0,7796,989,56.82,6521,5012.26,7796,0,0,3072,4890904.22
353b01bd-099b-4732-b5dd-bced6c71fc8a,2024-07-31,3,31,7,31,0,0,5632,1,0,0,5046.77,1,3072,8061,-6287.92,6818.57,5112.76,9269,6197,0,585.23,4891489.45
353b01bd-099b-4732-b5dd-bced6c71fc8a,2024-08-01,4,1,8,31,0,0,7917,1,3955,1,6177.94,1,585.23,10243,7702,5750.6,5341.87,5632,0,5046.77,-2215.94,4889273.51
353b01bd-099b-4732-b5dd-bced6c71fc8a,2024-08-02,5,2,8,31,0,0,6131,1,0,0,0,0,-2215.94,8153,2346,3970.76,5011.27,7917,3955,6177.94,6131,4895404.51
353b01bd-099b-4732-b5dd-bced6c71fc8a,2024-08-03,6,3,8,31,1,0,12311,1,5456,1,0,0,6131,5130,9274,3681.9,5137.44,6131,0,0,6855,4902259.51
353b01bd-099b-4732-b5dd-bced6c71fc8a,2024-08-04,0,4,8,31,1,0,7680,1,0,0,0,0,6855,5275,10972,3928.33,5056.8,12311,5456,0,7680,4909939.51
353b01bd-099b-4732-b5dd-bced6c71fc8a,2024-08-05,1,5,8,32,0,0,3679,1,3694,1,0,0,7680,7796,12797,4271.9,4947.07,7680,0,0,-15,4909924.51
353b01bd-099b-4732-b5dd-bced6c71fc8a,2024-08-06,2,6,8,32,0,0,9614,1,0,0,0,0,-15,3072,6525,3156.04,4520,3679,3694,0,9614,4919538.51
353b01bd-099b-4732-b5dd-bced6c71fc8a,2024-08-07,3,7,8,32,0,0,5771,1,3484,1,0,0,9614,585.23,-426,4090.61,4622.97,9614,0,0,2287,4921825.51
353b01bd-099b-4732-b5dd-bced6c71fc8a,2024-08-08,4,8,8,32,0,0,9932,1,0,0,0,0,2287,-2215.94,4380,4333.72,4713.4,5771,3484,0,9932,4931757.51
353b01bd-099b-4732-b5dd-bced6c71fc8a,2024-08-09,5,9,8,32,0,0,8398,1,3142,1,0,0,9932,6131,1739,6069.14,4898.47,9932,0,0,5256,4937013.51
353b01bd-099b-4732-b5dd-bced6c71fc8a,2024-08-10,6,10,8,32,1,0,5405,1,0,0,0,0,5256,6855,10229,5944.14,5015.7,8398,3142,0,5405,4942418.51
353b01bd-099b-4732-b5dd-bced6c71fc8a,2024-08-11,0,11,8,32,1,0,4646,1,4382,1,0,0,5405,7680,7149,5737,4854.9,5405,0,0,264,4942682.51
353b01bd-099b-4732-b5dd-bced6c71fc8a,2024-08-12,1,12,8,33,0,0,8016,1,0,0,0,0,264,-15,5570,4677.57,4625.4,4646,4382,0,8016,4950698.51
353b01bd-099b-4732-b5dd-bced6c71fc8a,2024-08-13,2,13,8,33,0,0,7785,1,6130,1,0,0,8016,9614,-1353,5824.86,4706.94,8016,0,0,1655,4952353.51
353b01bd-099b-4732-b5dd-bced6c71fc8a,2024-08-14,3,14,8,33,0,0,6656,1,0,0,0,0,1655,2287,2671.1,4687.86,4807.2,7785,6130,0,6656,4959009.51
353b01bd-099b-4732-b5dd-bced6c71fc8a,2024-08-15,4,15,8,33,0,0,8169,1,0,0,6193.04,1,6656,9932,4279,5312,4940.03,6656,0,0,1975.96,4960985.47
353b01bd-099b-4732-b5dd-bced6c71fc8a,2024-08-16,5,16,8,33,0,0,11506,1,6439,1,0,0,1975.96,5256,9375,4175.42,4863.26,8169,0,6193.04,5067,4966052.47
353b01bd-099b-4732-b5dd-bced6c71fc8a,2024-08-17,6,17,8,33,1,0,11073,1,0,0,0,0,5067,5405,-475,4148.42,4719.66,11506,6439,0,11073,4977125.47
353b01bd-099b-4732-b5dd-bced6c71fc8a,2024-08-18,0,18,8,33,1,0,4271,1,7167,1,0,0,11073,264,4510,4958.14,5104.6,11073,0,0,-2896,4974229.47
353b01bd-099b-4732-b5dd-bced6c71fc8a,2024-08-19,1,19,8,34,0,0,7420,1,0,0,0,0,-2896,8016,-819.31,4506.71,4857.73,4271,7167,0,7420,4981649.47
353b01bd-099b-4732-b5dd-bced6c71fc8a,2024-08-20,2,20,8,34,0,0,6508,1,0,0,1072.65,1,7420,1655,7601,4421.57,5132.38,7420,0,0,5435.35,4987084.82
353b01bd-099b-4732-b5dd-bced6c71fc8a,2024-08-21,3,21,8,34,0,0,10398,1,0,0,0,0,5435.35,6656,6906,4961.62,5060.19,6508,0,1072.65,10398,4997482.82
353b01bd-099b-4732-b5dd-bced6c71fc8a,2024-08-22,4,22,8,34,0,0,10362,1,0,0,0,0,10398,1975.96,989,5496.19,5176.59,10398,0,0,10362,5007844.82
353b01bd-099b-4732-b5dd-bced6c71fc8a,2024-08-23,5,23,8,34,0,0,13685,1,0,0,0,0,10362,5067,8061,6694.19,5489.02,10362,0,0,13685,5021529.82
353b01bd-099b-4732-b5dd-bced6c71fc8a,2024-08-24,6,24,8,34,1,0,13284,1,0,0,0,0,13685,11073,10243,7925.34,5676.49,13685,0,0,13284,5034813.82
353b01bd-099b-4732-b5dd-bced6c71fc8a,2024-08-25,0,25,8,34,1,0,6632,1,0,0,0,0,13284,-2896,8153,8241.19,5777.85,13284,0,0,6632,5041445.82
353b01bd-099b-4732-b5dd-bced6c71fc8a,2024-08-26,1,26,8,35,0,0,6791,1,5298,1,0,0,6632,7420,5130,9602.34,5727.15,6632,0,0,1493,5042938.82
353b01bd-099b-4732-b5dd-bced6c71fc8a,2024-08-27,2,27,8,35,0,0,6246,1,0,0,0,0,1493,5435.35,5275,8755.62,5605.92,6791,5298,0,6246,5049184.82
353b01bd-099b-4732-b5dd-bced6c71fc8a,2024-08-28,3,28,8,35,0,0,8285,1,3491,1,0,0,6246,10398,7796,8871.43,5638.29,6246,0,0,4794,5053978.82
353b01bd-099b-4732-b5dd-bced6c71fc8a,2024-08-29,4,29,8,35,0,0,11478,1,0,0,0,0,4794,10362,3072,8070.86,5538.22,8285,3491,0,11478,5065456.82
353b01bd-099b-4732-b5dd-bced6c71fc8a,2024-08-30,5,30,8,35,0,0,8998,1,5455,1,0,0,11478,13685,585.23,8230.29,5818.42,11478,0,0,3543,5068999.82
353b01bd-099b-4732-b5dd-bced6c71fc8a,2024-08-31,6,31,8,35,1,0,7681,1,0,0,4691.64,1,3543,13284,-2215.94,6781.43,5917.01,8998,5455,0,2989.36,5071989.18
353b01bd-099b-4732-b5dd-bced6c71fc8a,2024-09-01,0,1,9,35,1,0,7294,1,0,0,5961.35,1,2989.36,6632,6131,5310.77,6090.52,7681,0,4691.64,1332.65,5073321.83
353b01bd-099b-4732-b5dd-bced6c71fc8a,2024-09-02,1,2,9,36,0,0,7404,1,3108,1,0,0,1332.65,1493,6855,4553.72,5930.58,7294,0,5961.35,4296,5077617.83
353b01bd-099b-4732-b5dd-bced6c71fc8a,2024-09-03,2,3,9,36,0,0,7011,1,0,0,0,0,4296,6246,7680,4954.14,5845.28,7404,3108,0,7011,5084628.83
353b01bd-099b-4732-b5dd-bced6c71fc8a,2024-09-04,3,4,9,36,0,0,9680,1,7646,1,0,0,7011,4794,-15,5063.43,5822.98,7011,0,0,2034,5086662.83
353b01bd-099b-4732-b5dd-bced6c71fc8a,2024-09-05,4,5,9,36,0,0,5665,1,0,0,0,0,2034,11478,9614,4669.14,5891.28,9680,7646,0,5665,5092327.83
353b01bd-099b-4732-b5dd-bced6c71fc8a,2024-09-06,5,6,9,36,0,0,8219,1,0,0,0,0,5665,3543,2287,3838.72,5759.64,5665,0,0,8219,5100546.83
353b01bd-099b-4732-b5dd-bced6c71fc8a,2024-09-07,6,7,9,36,1,0,5459,1,4505,1,0,0,8219,2989.36,9932,4506.72,5957.38,8219,0,0,954,5101500.83
353b01bd-099b-4732-b5dd-bced6c71fc8a,2024-09-08,0,8,9,36,1,0,3283,1,0,0,0,0,954,1332.65,5256,4215.95,5658.11,5459,4505,0,3283,5104783.83
353b01bd-099b-4732-b5dd-bced6c71fc8a,2024-09-09,1,9,9,37,0,0,5043,1,6812,1,0,0,3283,4296,5405,4494.57,5592.34,3283,0,0,-1769,5103014.83
353b01bd-099b-4732-b5dd-bced6c71fc8a,2024-09-10,2,10,9,37,0,0,9754,1,0,0,0,0,-1769,7011,264,3628.14,5353.21,5043,6812,0,9754,5112768.83
353b01bd-099b-4732-b5dd-bced6c71fc8a,2024-09-11,3,11,9,37,0,0,6318,1,0,0,0,0,9754,2034,8016,4020,5669.54,9754,0,0,6318,5119086.83
353b01bd-099b-4732-b5dd-bced6c71fc8a,2024-09-12,4,12,9,37,0,0,7038,1,7285,1,0,0,6318,5665,1655,4632,5612.94,6318,0,0,-247,5118839.83
353b01bd-099b-4732-b5dd-bced6c71fc8a,2024-09-13,5,13,9,37,0,0,8852,1,0,0,0,0,-247,8219,6656,3787.43,5549.54,7038,7285,0,8852,5127691.83
353b01bd-099b-4732-b5dd-bced6c71fc8a,2024-09-14,6,14,9,37,1,0,5302,1,0,0,0,0,8852,954,1975.96,3877.86,5622.74,8852,0,0,5302,5132993.83
353b01bd-099b-4732-b5dd-bced6c71fc8a,2024-09-15,0,15,9,37,1,0,3266,1,0,0,5450.71,1,5302,3283,5067,4499,5733.61,5302,0,0,-2184.71,5130809.12
353b01bd-099b-4732-b5dd-bced6c71fc8a,2024-09-16,1,16,9,38,0,1,3066,1,5391,1,0,0,-2184.71,-1769,11073,3717.9,5491.89,3266,0,5450.71,-2325,5128484.12
353b01bd-099b-4732-b5dd-bced6c71fc8a,2024-09-17,2,17,9,38,0,0,9368,1,0,0,0,0,-2325,9754,-2896,3638.47,5045.29,3066,5391,0,9368,5137852.12
353b01bd-099b-4732-b5dd-bced6c71fc8a,2024-09-18,3,18,9,38,0,0,6566,1,3127,1,0,0,9368,6318,7420,3583.33,5454.09,9368,0,0,3439,5141291.12
353b01bd-099b-4732-b5dd-bced6c71fc8a,2024-09-19,4,19,9,38,0,0,5019,1,0,0,0,0,3439,-247,5435.35,3172.04,5321.39,6566,3127,0,5019,5146310.12
353b01bd-099b-4732-b5dd-bced6c71fc8a,2024-09-20,5,20,9,38,0,0,9101,1,0,0,1297.09,1,5019,8852,10398,3924.33,5307.51,5019,0,0,7803.91,5154114.03
353b01bd-099b-4732-b5dd-bced6c71fc8a,2024-09-21,6,21,9,38,1,0,12676,1,0,0,0,0,7803.91,5302,10362,3774.6,5221.04,9101,0,1297.09,12676,5166790.03
353b01bd-099b-4732-b5dd-bced6c71fc8a,2024-09-22,0,22,9,38,1,0,7944,1,0,0,0,0,12676,-2184.71,13685,4828.03,5298.17,12676,0,0,7944,5174734.03
353b01bd-099b-4732-b5dd-bced6c71fc8a,2024-09-23,1,23,9,39,0,0,8085,1,0,0,0,0,7944,-2325,13284,6274.99,5106.81,7944,0,0,8085,5182819.03
353b01bd-099b-4732-b5dd-bced6c71fc8a,2024-09-24,2,24,9,39,0,0,5952,1,0,0,0,0,8085,9368,6632,7762.13,4933.51,8085,0,0,5952,5188771.03
353b01bd-099b-4732-b5dd-bced6c71fc8a,2024-09-25,3,25,9,39,0,0,7013,1,5815,1,0,0,5952,3439,1493,7274.13,4910.84,5952,0,0,1198,5189969.03
353b01bd-099b-4732-b5dd-bced6c71fc8a,2024-09-26,4,26,9,39,0,0,7738,1,0,0,0,0,1198,5019,6246,6953.99,4901.01,7013,5815,0,7738,5197707.03
353b01bd-099b-4732-b5dd-bced6c71fc8a,2024-09-27,5,27,9,39,0,0,5298,1,4679,1,0,0,7738,7803.91,4794,7342.42,4950.74,7738,0,0,619,5198326.03
353b01bd-099b-4732-b5dd-bced6c71fc8a,2024-09-28,6,28,9,39,1,0,8464,1,0,0,0,0,619,12676,11478,6316,4811.57,5298,4679,0,8464,5206790.03
353b01bd-099b-4732-b5dd-bced6c71fc8a,2024-09-29,0,29,9,39,1,0,3028,1,5722,1,0,0,8464,7944,3543,5714.29,4711.11,8464,0,0,-2694,5204096.03
353b01bd-099b-4732-b5dd-bced6c71fc8a,2024-09-30,1,30,9,40,0,0,5958,1,0,0,5930.49,1,-2694,8085,2989.36,4194.57,4503.21,3028,5722,0,27.51,5204123.54
353b01bd-099b-4732-b5dd-bced6c71fc8a,2024-10-01,2,1,10,40,0,0,7912,1,7543,1,6199.2,1,27.51,5952,1332.65,3043.5,4404.48,5958,0,5930.49,-5830.2,5198293.34
353b01bd-099b-4732-b5dd-bced6c71fc8a,2024-10-02,3,2,10,40,0,0,3654,1,0,0,0,0,-5830.2,1198,4296,1360.33,4165.72,7912,7543,6199.2,3654,5201947.34
353b01bd-099b-4732-b5dd-bced6c71fc8a,2024-10-03,4,3,10,40,0,0,6181,1,0,0,0,0,3654,7738,7011,1711.19,4144.32,3654,0,0,6181,5208128.34
353b01bd-099b-4732-b5dd-bced6c71fc8a,2024-10-04,5,4,10,40,0,0,5254,1,7391,1,0,0,6181,619,2034,1488.76,4116.65,6181,0,0,-2137,5205991.34
353b01bd-099b-4732-b5dd-bced6c71fc8a,2024-10-05,6,5,10,40,1,0,5614,1,0,0,0,0,-2137,8464,5665,1095.04,3977.62,5254,7391,0,5614,5211605.34
353b01bd-099b-4732-b5dd-bced6c71fc8a,2024-10-06,0,6,10,40,1,0,5417,1,6773,1,0,0,5614,-2694,8219,687.9,3975.92,5614,0,0,-1356,5210249.34
353b01bd-099b-4732-b5dd-bced6c71fc8a,2024-10-07,1,7,10,41,0,0,4045,1,0,0,0,0,-1356,27.51,954,879.04,3656.75,5417,6773,0,4045,5214294.34
353b01bd-099b-4732-b5dd-bced6c71fc8a,2024-10-08,2,8,10,41,0,0,4863,1,4950,1,0,0,4045,-5830.2,3283,1452.97,3759.78,4045,0,0,-87,5214207.34
353b01bd-099b-4732-b5dd-bced6c71fc8a,2024-10-09,3,9,10,41,0,0,4737,1,0,0,0,0,-87,3654,-1769,2273.43,3647.45,4863,4950,0,4737,5218944.34
353b01bd-099b-4732-b5dd-bced6c71fc8a,2024-10-10,4,10,10,41,0,0,4081,1,7505,1,0,0,4737,6181,9754,2428.14,3864.32,4737,0,0,-3424,5215520.34
353b01bd-099b-4732-b5dd-bced6c71fc8a,2024-10-11,5,11,10,41,0,0,9922,1,0,0,0,0,-3424,-2137,6318,1056,3425.05,4081,7505,0,9922,5225442.34
353b01bd-099b-4732-b5dd-bced6c71fc8a,2024-10-12,6,12,10,41,1,0,9978,1,7039,1,0,0,9922,5614,-247,2778.71,3545.18,9922,0,0,2939,5228381.34
353b01bd-099b-4732-b5dd-bced6c71fc8a,2024-10-13,0,13,10,41,1,0,3503,1,0,0,0,0,2939,-1356,8852,2396.57,3651.38,9978,7039,0,3503,5231884.34
353b01bd-099b-4732-b5dd-bced6c71fc8a,2024-10-14,1,14,10,42,0,0,3776,1,7190,1,0,0,3503,4045,5302,3090.71,3473.08,3503,0,0,-3414,5228470.34
353b01bd-099b-4732-b5dd-bced6c71fc8a,2024-10-15,2,15,10,42,0,0,5526,1,0,0,5252.26,1,-3414,-87,-2184.71,2025.14,3182.55,3776,7190,0,273.74,5228744.08
353b01bd-099b-4732-b5dd-bced6c71fc8a,2024-10-16,3,16,10,42,0,0,9415,1,7347,1,0,0,273.74,4737,-2325,2076.68,3264.5,5526,0,5252.26,2068,5230812.08
353b01bd-099b-4732-b5dd-bced6c71fc8a,2024-10-17,4,17,10,42,0,0,10271,1,0,0,0,0,2068,-3424,9368,1695.39,3410.93,9415,7347,0,10271,5241083.08
353b01bd-099b-4732-b5dd-bced6c71fc8a,2024-10-18,5,18,10,42,0,0,11294,1,5300,1,0,0,10271,9922,3439,3651.82,3441.03,10271,0,0,5994,5247077.08
353b01bd-099b-4732-b5dd-bced6c71fc8a,2024-10-19,6,19,10,42,1,0,5385,1,0,0,0,0,5994,2939,5019,3090.68,3526.2,11294,5300,0,5385,5252462.08
353b01bd-099b-4732-b5dd-bced6c71fc8a,2024-10-20,0,20,10,42,1,0,3543,1,4630,1,882.11,1,5385,3503,7803.91,3440.11,3538.4,5385,0,0,-1969.11,5250492.97
353b01bd-099b-4732-b5dd-bced6c71fc8a,2024-10-21,1,21,10,43,0,0,4890,1,0,0,0,0,-1969.11,-3414,12676,2658.38,3212.63,3543,4630,882.11,4890,5255382.97
353b01bd-099b-4732-b5dd-bced6c71fc8a,2024-10-22,2,22,10,43,0,0,3478,1,3809,1,0,0,4890,273.74,7944,3844.66,2953.1,4890,0,0,-331,5255051.97
353b01bd-099b-4732-b5dd-bced6c71fc8a,2024-10-23,3,23,10,43,0,0,5929,1,0,0,0,0,-331,2068,8085,3758.27,2677.26,3478,3809,0,5929,5260980.97
353b01bd-099b-4732-b5dd-bced6c71fc8a,2024-10-24,4,24,10,43,0,0,10729,1,4639,1,0,0,5929,10271,5952,4309.84,2605.4,5929,0,0,6090,5267070.97
353b01bd-099b-4732-b5dd-bced6c71fc8a,2024-10-25,5,25,10,43,0,0,7461,1,0,0,0,0,6090,5994,1198,3712.56,2610,10729,4639,0,7461,5274531.97
353b01bd-099b-4732-b5dd-bced6c71fc8a,2024-10-26,6,26,10,43,1,0,12739,1,0,0,0,0,7461,5385,7738,3922.13,2818.76,7461,0,0,12739,5287270.97
353b01bd-099b-4732-b5dd-bced6c71fc8a,2024-10-27,0,27,10,43,1,0,7602,1,0,0,0,0,12739,-1969.11,619,4972.7,2985.46,12739,0,0,7602,5294872.97
353b01bd-099b-4732-b5dd-bced6c71fc8a,2024-10-28,1,28,10,44,0,0,3287,1,3962,1,0,0,7602,4890,8464,6340,3218.23,7602,0,0,-675,5294197.97
353b01bd-099b-4732-b5dd-bced6c71fc8a,2024-10-29,2,29,10,44,0,0,7602,1,0,0,0,0,-675,-331,-2694,5545,2913.6,3287,3962,0,7602,5301799.97
353b01bd-099b-4732-b5dd-bced6c71fc8a,2024-10-30,3,30,10,44,0,0,4081,1,4449,1,0,0,7602,5929,27.51,6678.29,3256.8,7602,0,0,-368,5301431.97
353b01bd-099b-4732-b5dd-bced6c71fc8a,2024-10-31,4,31,10,44,0,0,8284,1,0,0,6175.63,1,-368,6090,-5830.2,5778.71,3243.61,4081,4449,0,2108.37,5303540.34
353b01bd-099b-4732-b5dd-bced6c71fc8a,2024-11-01,5,1,11,44,0,0,11987,1,3307,1,5829.22,1,2108.37,7461,3654,5209.91,3508.23,8284,0,6175.63,2850.78,5306391.12
353b01bd-099b-4732-b5dd-bced6c71fc8a,2024-11-02,6,2,11,44,1,1,10748,1,0,0,0,0,2850.78,12739,6181,4551.31,3481.46,11987,3307,5829.22,10748,5317139.12
353b01bd-099b-4732-b5dd-bced6c71fc8a,2024-11-03,0,3,11,44,1,0,5143,1,4257,1,0,0,10748,7602,-2137,4266.88,3633.69,10748,0,0,886,5318025.12
353b01bd-099b-4732-b5dd-bced6c71fc8a,2024-11-04,1,4,11,45,0,0,7128,1,0,0,0,0,886,-675,5614,3307.45,3734.46,5143,4257,0,7128,5325153.12
353b01bd-099b-4732-b5dd-bced6c71fc8a,2024-11-05,2,5,11,45,0,0,3360,1,5261,1,0,0,7128,7602,-1356,4422.16,3784.93,7128,0,0,-1901,5323252.12
353b01bd-099b-4732-b5dd-bced6c71fc8a,2024-11-06,3,6,11,45,0,0,9359,1,0,0,0,0,-1901,-368,4045,3064.59,3766.76,3360,5261,0,9359,5332611.12
353b01bd-099b-4732-b5dd-bced6c71fc8a,2024-11-07,4,7,11,45,0,0,5770,1,0,0,0,0,9359,2108.37,-87,4454.16,3943.89,9359,0,0,5770,5338381.12
353b01bd-099b-4732-b5dd-bced6c71fc8a,2024-11-08,5,8,11,45,0,0,10730,1,7005,1,0,0,5770,2850.78,4737,4977.25,4139.13,5770,0,0,3725,5342106.12
353b01bd-099b-4732-b5dd-bced6c71fc8a,2024-11-09,6,9,11,45,1,0,5282,1,0,0,0,0,3725,10748,-3424,5102.14,4105.39,10730,7005,0,5282,5347388.12
353b01bd-099b-4732-b5dd-bced6c71fc8a,2024-11-10,0,10,11,45,1,0,6300,1,3166,1,0,0,5282,886,9922,4321.29,4395.59,5282,0,0,3134,5350522.12
353b01bd-099b-4732-b5dd-bced6c71fc8a,2024-11-11,1,11,11,46,0,0,5822,1,0,0,0,0,3134,7128,2939,4642.43,4169.33,6300,3166,0,5822,5356344.12
353b01bd-099b-4732-b5dd-bced6c71fc8a,2024-11-12,2,12,11,46,0,0,6122,1,5632,1,0,0,5822,-1901,3503,4455.86,4265.43,5822,0,0,490,5356834.12
353b01bd-099b-4732-b5dd-bced6c71fc8a,2024-11-13,3,13,11,46,0,0,8235,1,0,0,0,0,490,9359,-3414,4797.43,4164.99,6122,5632,0,8235,5365069.12
353b01bd-099b-4732-b5dd-bced6c71fc8a,2024-11-14,4,14,11,46,0,0,10356,1,0,0,0,0,8235,5770,273.74,4636.86,4553.29,8235,0,0,10356,5375425.12
353b01bd-099b-4732-b5dd-bced6c71fc8a,2024-11-15,5,15,11,46,0,0,8748,1,0,0,6546.46,1,10356,3725,2068,5292,4889.37,10356,0,0,2201.54,5377626.66
353b01bd-099b-4732-b5dd-bced6c71fc8a,2024-11-16,6,16,11,46,1,0,13216,1,0,0,0,0,2201.54,5282,10271,5074.36,4893.82,8748,0,6546.46,13216,5390842.66
353b01bd-099b-4732-b5dd-bced6c71fc8a,2024-11-17,0,17,11,46,1,0,3449,1,0,0,0,0,13216,3134,5994,6207.79,4991.99,13216,0,0,3449,5394291.66
353b01bd-099b-4732-b5dd-bced6c71fc8a,2024-11-18,1,18,11,47,0,0,2937,1,0,0,0,0,3449,5822,5385,6252.79,4907.15,3449,0,0,2937,5397228.66
353b01bd-099b-4732-b5dd-bced6c71fc8a,2024-11-19,2,19,11,47,0,0,6461,1,4962,1,0,0,2937,490,-1969.11,5840.65,4825.55,2937,0,0,1499,5398727.66
353b01bd-099b-4732-b5dd-bced6c71fc8a,2024-11-20,3,20,11,47,0,1,7745,1,0,0,850.85,1,1499,8235,4890,5984.79,4941.16,6461,4962,0,6894.15,5405621.81
353b01bd-099b-4732-b5dd-bced6c71fc8a,2024-11-21,4,21,11,47,0,0,6690,1,0,0,0,0,6894.15,10356,-331,5793.24,5007.96,7745,0,850.85,6690,5412311.81
353b01bd-099b-4732-b5dd-bced6c71fc8a,2024-11-22,5,22,11,47,0,0,6812,1,4559,1,0,0,6690,2201.54,5929,5269.53,5241.99,6690,0,0,2253,5414564.81
353b01bd-099b-4732-b5dd-bced6c71fc8a,2024-11-23,6,23,11,47,1,0,6535,1,0,0,0,0,2253,13216,6090,5276.88,5119.46,6812,4559,0,6535,5421099.81
353b01bd-099b-4732-b5dd-bced6c71fc8a,2024-11-24,0,24,11,47,1,0,6795,1,7828,1,0,0,6535,3449,7461,4322.45,5134.29,6535,0,0,-1033,5420066.81
353b01bd-099b-4732-b5dd-bced6c71fc8a,2024-11-25,1,25,11,48,0,0,4840,1,0,0,0,0,-1033,2937,12739,3682.16,4851.16,6795,7828,0,4840,5424906.81
353b01bd-099b-4732-b5dd-bced6c71fc8a,2024-11-26,2,26,11,48,0,0,9728,1,5118,1,0,0,4840,1499,7602,3954.02,4587.86,4840,0,0,4610,5429516.81
353b01bd-099b-4732-b5dd-bced6c71fc8a,2024-11-27,3,27,11,48,0,0,9768,1,0,0,0,0,4610,6894.15,-675,4398.45,4488.13,9728,5118,0,9768,5439284.81
353b01bd-099b-4732-b5dd-bced6c71fc8a,2024-11-28,4,28,11,48,0,0,6791,1,7207,1,0,0,9768,6690,7602,4809,4836.23,9768,0,0,-416,5438868.81
353b01bd-099b-4732-b5dd-bced6c71fc8a,2024-11-29,5,29,11,48,0,0,13383,1,0,0,0,0,-416,2253,-368,3793.86,4568.96,6791,7207,0,13383,5452251.81
353b01bd-099b-4732-b5dd-bced6c71fc8a,2024-11-30,6,30,11,48,1,0,5352,1,0,0,4616.66,1,13383,6535,2108.37,5383.86,5027.33,13383,0,0,735.34,5452987.15
353b01bd-099b-4732-b5dd-bced6c71fc8a,2024-12-01,0,1,12,48,1,0,6708,1,7035,1,5997.61,1,735.34,-1033,2850.78,4555.33,4981.56,5352,0,4616.66,-6324.61,5446662.54
353b01bd-099b-4732-b5dd-bced6c71fc8a,2024-12-02,1,2,12,49,0,0,5995,1,0,0,0,0,-6324.61,4840,10748,3799.39,4675.71,6708,7035,5997.61,5995,5452657.54
353b01bd-099b-4732-b5dd-bced6c71fc8a,2024-12-03,2,3,12,49,0,0,5952,1,0,0,0,0,5995,4610,886,3964.39,4517.28,5995,0,0,5952,5458609.54
353b01bd-099b-4732-b5dd-bced6c71fc8a,2024-12-04,3,4,12,49,0,0,6742,1,4626,1,0,0,5952,9768,7128,4156.1,4686.15,5952,0,0,2116,5460725.54
353b01bd-099b-4732-b5dd-bced6c71fc8a,2024-12-05,4,5,12,49,0,0,9191,1,0,0,0,0,2116,-416,-1901,3062.96,4519.08,6742,4626,0,9191,5469916.54
353b01bd-099b-4732-b5dd-bced6c71fc8a,2024-12-06,5,6,12,49,0,0,10409,1,0,0,0,0,9191,13383,9359,4435.39,4888.81,9191,0,0,10409,5480325.54
353b01bd-099b-4732-b5dd-bced6c71fc8a,2024-12-07,6,7,12,49,1,0,12240,1,7363,1,0,0,10409,735.34,5770,4010.53,4923.81,10409,0,0,4877,5485202.54
353b01bd-099b-4732-b5dd-bced6c71fc8a,2024-12-08,0,8,12,49,1,0,4156,1,0,0,0,0,4877,-6324.61,3725,4602.2,4894.05,12240,7363,0,4156,5489358.54
353b01bd-099b-4732-b5dd-bced6c71fc8a,2024-12-09,1,9,12,50,0,0,7787,1,6362,1,0,0,4156,5995,5282,6099.43,4908.41,4156,0,0,1425,5490783.54
353b01bd-099b-4732-b5dd-bced6c71fc8a,2024-12-10,2,10,12,50,0,0,8140,1,0,0,0,0,1425,5952,3134,5446.57,4779.85,7787,6362,0,8140,5498923.54
353b01bd-099b-4732-b5dd-bced6c71fc8a,2024-12-11,3,11,12,50,0,0,8450,1,0,0,0,0,8140,2116,5822,5759.14,4946.71,8140,0,0,8450,5507373.54
353b01bd-099b-4732-b5dd-bced6c71fc8a,2024-12-12,4,12,12,50,0,0,8975,1,3547,1,0,0,8450,9191,490,6664,5034.31,8450,0,0,5428,5512801.54
353b01bd-099b-4732-b5dd-bced6c71fc8a,2024-12-13,5,13,12,50,0,0,9111,1,0,0,0,0,5428,10409,8235,6126.43,5198.91,8975,3547,0,9111,5521912.54
353b01bd-099b-4732-b5dd-bced6c71fc8a,2024-12-14,6,14,12,50,1,0,4638,1,4628,1,0,0,9111,4877,10356,5941,5228.11,9111,0,0,10,5521922.54
353b01bd-099b-4732-b5dd-bced6c71fc8a,2024-12-15,0,15,12,50,1,0,7638,1,0,0,6407.83,1,10,4156,2201.54,5245.71,4883.25,4638,4628,0,1230.17,5523152.71
353b01bd-099b-4732-b5dd-bced6c71fc8a,2024-12-16,1,16,12,51,0,0,3404,1,7675,1,0,0,1230.17,1425,13216,4827.74,4850.87,7638,0,6407.83,-4271,5518881.71
353b01bd-099b-4732-b5dd-bced6c71fc8a,2024-12-17,2,17,12,51,0,0,7643,1,0,0,0,0,-4271,8140,3449,4014.02,4267.97,3404,7675,0,7643,5526524.71
353b01bd-099b-4732-b5dd-bced6c71fc8a,2024-12-18,3,18,12,51,0,0,3810,1,3049,1,0,0,7643,8450,2937,3943.02,4407.77,7643,0,0,761,5527285.71
353b01bd-099b-4732-b5dd-bced6c71fc8a,2024-12-19,4,19,12,51,0,0,9509,1,0,0,0,0,761,5428,1499,2844.6,4335.23,3810,3049,0,9509,5536794.71
353b01bd-099b-4732-b5dd-bced6c71fc8a,2024-12-20,5,20,12,51,0,0,12397,1,0,0,1212.19,1,9509,9111,6894.15,3427.6,4602.23,9509,0,0,11184.81,5547979.52
353b01bd-099b-4732-b5dd-bced6c71fc8a,2024-12-21,6,21,12,51,1,0,10912,1,0,0,0,0,11184.81,10,6690,3723.85,4745.26,12397,0,1212.19,10912,5558891.52
353b01bd-099b-4732-b5dd-bced6c71fc8a,2024-12-22,0,22,12,51,1,0,4640,1,5254,1,0,0,10912,1230.17,2253,5281.28,4885.99,10912,0,0,-614,5558277.52
353b01bd-099b-4732-b5dd-bced6c71fc8a,2024-12-23,1,23,12,52,0,0,3616,1,0,0,0,0,-614,-4271,6535,5017.83,4790.42,4640,5254,0,3616,5561893.52
353b01bd-099b-4732-b5dd-bced6c71fc8a,2024-12-24,2,24,12,52,0,0,8564,1,0,0,0,0,3616,7643,-1033,6144.54,4693.12,3616,0,0,8564,5570457.52
353b01bd-099b-4732-b5dd-bced6c71fc8a,2024-12-25,3,25,12,52,0,1,771,1,3354,1,0,0,8564,761,4840,6276.12,5013.02,8564,0,0,-2583,5567874.52
353b01bd-099b-4732-b5dd-bced6c71fc8a,2024-12-26,4,26,12,52,0,0,9541,1,0,0,0,0,-2583,9509,4610,5798.4,4765.59,771,3354,0,9541,5577415.52
353b01bd-099b-4732-b5dd-bced6c71fc8a,2024-12-27,5,27,12,52,0,0,6874,1,0,0,0,0,9541,11184.81,9768,5802.97,4929.96,9541,0,0,6874,5584289.52
353b01bd-099b-4732-b5dd-bced6c71fc8a,2024-12-28,6,28,12,52,1,0,4657,1,0,0,0,0,6874,10912,-416,5187.14,4833.49,6874,0,0,4657,5588946.52
353b01bd-099b-4732-b5dd-bced6c71fc8a,2024-12-29,0,29,12,52,1,0,8165,1,5160,1,0,0,4657,-614,13383,4293.57,5002.59,4657,0,0,3005,5591951.52
353b01bd-099b-4732-b5dd-bced6c71fc8a,2024-12-30,1,30,12,1,0,0,6898,1,0,0,0,0,3005,3616,735.34,4810.57,4656.66,8165,5160,0,6898,5598849.52
353b01bd-099b-4732-b5dd-bced6c71fc8a,2024-12-31,2,31,12,1,0,0,8925,1,3567,1,6393.63,1,6898,8564,-6324.61,5279.43,4862.08,6898,0,0,-1035.63,5597813.89
353b01bd-099b-4732-b5dd-bced6c71fc8a,2025-01-01,3,1,1,1,0,1,1335,1,0,0,6057.79,1,-1035.63,-2583,5995,3908.05,5038.38,8925,3567,6393.63,-4722.79,5593091.1
353b01bd-099b-4732-b5dd-bced6c71fc8a,2025-01-02,4,2,1,1,0,0,4319,1,0,0,0,0,-4722.79,9541,5952,3602.37,4681.12,1335,0,6057.79,4319,5597410.1
353b01bd-099b-4732-b5dd-bced6c71fc8a,2025-01-03,5,3,1,1,0,0,11316,1,6802,1,0,0,4319,6874,2116,2856.37,4626.69,4319,0,0,4514,5601924.1
353b01bd-099b-4732-b5dd-bced6c71fc8a,2025-01-04,6,4,1,1,1,0,10746,1,0,0,0,0,4514,4657,9191,2519.23,4706.62,11316,6802,0,10746,5612670.1
353b01bd-099b-4732-b5dd-bced6c71fc8a,2025-01-05,0,5,1,1,1,0,3147,1,3140,1,0,0,10746,3005,10409,3389.08,4758.45,10746,0,0,7,5612677.1
353b01bd-099b-4732-b5dd-bced6c71fc8a,2025-01-06,1,6,1,2,0,0,7315,1,0,0,0,0,7,6898,4877,2960.8,4411.72,3147,3140,0,7315,5619992.1
353b01bd-099b-4732-b5dd-bced6c71fc8a,2025-01-07,2,7,1,2,0,0,3758,1,6061,1,0,0,7315,-1035.63,4156,3020.37,4492.99,7315,0,0,-2303,5617689.1
353b01bd-099b-4732-b5dd-bced6c71fc8a,2025-01-08,3,8,1,2,0,0,3624,1,0,0,0,0,-2303,-4722.79,1425,2839.32,4277.69,3758,6061,0,3624,5621313.1
353b01bd-099b-4732-b5dd-bced6c71fc8a,2025-01-09,4,9,1,2,0,0,11429,1,0,0,0,0,3624,4319,8140,4031.71,4350.99,3624,0,0,11429,5632742.1
353b01bd-099b-4732-b5dd-bced6c71fc8a,2025-01-10,5,10,1,2,0,0,12585,1,0,0,0,0,11429,4514,8450,5047.43,4460.62,11429,0,0,12585,5645327.1
353b01bd-099b-4732-b5dd-bced6c71fc8a,2025-01-11,6,11,1,2,1,0,7440,1,6716,1,0,0,12585,10746,5428,6200.43,4598.45,12585,0,0,724,5646051.1
353b01bd-099b-4732-b5dd-bced6c71fc8a,2025-01-12,0,12,1,2,1,0,5103,1,0,0,0,0,724,7,9111,4768.71,4441.65,7440,6716,0,5103,5651154.1
353b01bd-099b-4732-b5dd-bced6c71fc8a,2025-01-13,1,13,1,3,0,0,5888,1,5356,1,0,0,5103,7315,10,5496.71,4308.05,5103,0,0,532,5651686.1
353b01bd-099b-4732-b5dd-bced6c71fc8a,2025-01-14,2,14,1,3,0,0,9083,1,0,0,0,0,532,-2303,1230.17,4527.71,4325.45,5888,5356,0,9083,5660769.1
353b01bd-099b-4732-b5dd-bced6c71fc8a,2025-01-15,3,15,1,3,0,0,9773,1,0,0,5572.4,1,9083,3624,-4271,6154.29,4587.21,9083,0,0,4200.6,5664969.7
353b01bd-099b-4732-b5dd-bced6c71fc8a,2025-01-16,4,16,1,3,0,0,5551,1,6688,1,0,0,4200.6,11429,7643,6236.66,4869.6,9773,0,5572.4,-1137,5663832.7
353b01bd-099b-4732-b5dd-bced6c71fc8a,2025-01-17,5,17,1,3,0,0,7195,1,0,0,0,0,-1137,12585,761,4441.51,4576.93,5551,6688,0,7195,5671027.7
353b01bd-099b-4732-b5dd-bced6c71fc8a,2025-01-18,6,18,1,3,1,0,10296,1,5049,1,0,0,7195,724,9509,3671.51,4791.4,7195,0,0,5247,5676274.7
353b01bd-099b-4732-b5dd-bced6c71fc8a,2025-01-19,0,19,1,3,1,0,5369,1,0,0,0,0,5247,5103,11184.81,4317.66,4649.33,10296,5049,0,5369,5681643.7
353b01bd-099b-4732-b5dd-bced6c71fc8a,2025-01-20,1,20,1,4,0,0,4400,1,3234,1,1459.23,1,5369,532,10912,4355.66,4455.47,5369,0,0,-293.23,5681350.47
353b01bd-099b-4732-b5dd-bced6c71fc8a,2025-01-21,2,21,1,4,0,0,9322,1,0,0,0,0,-293.23,9083,-614,4237.77,4081.97,4400,3234,1459.23,9322,5690672.47
353b01bd-099b-4732-b5dd-bced6c71fc8a,2025-01-22,3,22,1,4,0,0,4850,1,0,0,0,0,9322,4200.6,3616,4271.91,4413.17,9322,0,0,4850,5695522.47
353b01bd-099b-4732-b5dd-bced6c71fc8a,2025-01-23,4,23,1,4,0,0,10193,1,0,0,0,0,4850,-1137,8564,4364.68,4454.3,4850,0,0,10193,5705715.47
353b01bd-099b-4732-b5dd-bced6c71fc8a,2025-01-24,5,24,1,4,0,0,9616,1,0,0,0,0,10193,7195,-2583,5983.25,4508.6,10193,0,0,9616,5715331.47
353b01bd-099b-4732-b5dd-bced6c71fc8a,2025-01-25,6,25,1,4,1,0,13318,1,0,0,0,0,9616,5247,9541,6329.11,4915.23,9616,0,0,13318,5728649.47
353b01bd-099b-4732-b5dd-bced6c71fc8a,2025-01-26,0,26,1,4,1,0,2812,1,0,0,0,0,13318,5369,6874,7482.11,5041.13,13318,0,0,2812,5731461.47
353b01bd-099b-4732-b5dd-bced6c71fc8a,2025-01-27,1,27,1,5,0,0,5272,1,6190,1,0,0,2812,-293.23,4657,7116.82,4905.73,2812,0,0,-918,5730543.47
353b01bd-099b-4732-b5dd-bced6c71fc8a,2025-01-28,2,28,1,5,0,0,9155,1,0,0,0,0,-918,9322,3005,7027.57,4719.9,5272,6190,0,9155,5739698.47
353b01bd-099b-4732-b5dd-bced6c71fc8a,2025-01-29,3,29,1,5,0,0,8002,1,0,0,0,0,9155,4850,6898,7003.71,4924.9,9155,0,0,8002,5747700.47
353b01bd-099b-4732-b5dd-bced6c71fc8a,2025-01-30,4,30,1,5,0,0,7245,1,3738,1,0,0,8002,10193,-1035.63,7454,4961.7,8002,0,0,3507,5751207.47
353b01bd-099b-4732-b5dd-bced6c71fc8a,2025-01-31,5,31,1,5,0,0,5960,1,0,0,4828.99,1,3507,9616,-4722.79,6498.86,5113.12,7245,3738,0,1131.01,5752338.48
353b01bd-099b-4732-b5dd-bced6c71fc8a,2025-02-01,6,1,2,5,1,0,7301,1,5886,1,6181.18,1,1131.01,13318,4319,5286.72,5308.25,5960,0,4828.99,-4766.18,5747572.3
353b01bd-099b-4732-b5dd-bced6c71fc8a,2025-02-02,0,2,2,5,1,0,4620,1,0,0,0,0,-4766.18,2812,4514,2703.26,5005.41,7301,5886,6181.18,4620,5752192.3
353b01bd-099b-4732-b5dd-bced6c71fc8a,2025-02-03,1,3,2,6,0,0,6836,1,0,0,0,0,4620,-918,10746,2961.55,5008.94,4620,0,0,6836,5759028.3
353b01bd-099b-4732-b5dd-bced6c71fc8a,2025-02-04,2,4,2,6,0,0,4464,1,5729,1,0,0,6836,9155,7,4069.26,4878.61,6836,0,0,-1265,5757763.3
353b01bd-099b-4732-b5dd-bced6c71fc8a,2025-02-05,3,5,2,6,0,1,9975,1,0,0,0,0,-1265,8002,7315,2580.69,4836.21,4464,5729,0,9975,5767738.3
353b01bd-099b-4732-b5dd-bced6c71fc8a,2025-02-06,4,6,2,6,0,0,7084,1,0,0,0,0,9975,3507,-2303,2862.55,4924.87,9975,0,0,7084,5774822.3
353b01bd-099b-4732-b5dd-bced6c71fc8a,2025-02-07,5,7,2,6,0,0,8414,1,7501,1,0,0,7084,1131.01,3624,3373.55,5237.77,7084,0,0,913,5775735.3
353b01bd-099b-4732-b5dd-bced6c71fc8a,2025-02-08,6,8,2,6,1,0,7616,1,0,0,0,0,913,-4766.18,11429,3342.4,5147.41,8414,7501,0,7616,5783351.3
353b01bd-099b-4732-b5dd-bced6c71fc8a,2025-02-09,0,9,2,6,1,0,5066,1,4380,1,0,0,7616,4620,12585,5111.29,5020.31,7616,0,0,686,5784037.3
353b01bd-099b-4732-b5dd-bced6c71fc8a,2025-02-10,1,10,2,7,0,0,8787,1,0,0,0,0,686,6836,724,4549.29,4623.67,5066,4380,0,8787,5792824.3
353b01bd-099b-4732-b5dd-bced6c71fc8a,2025-02-11,2,11,2,7,0,0,6732,1,6605,1,0,0,8787,-1265,5103,4828,4892.44,8787,0,0,127,5792951.3
353b01bd-099b-4732-b5dd-bced6c71fc8a,2025-02-12,3,12,2,7,0,0,6008,1,0,0,0,0,127,9975,532,5026.86,4726.57,6732,6605,0,6008,5798959.3
353b01bd-099b-4732-b5dd-bced6c71fc8a,2025-02-13,4,13,2,7,0,0,6451,1,0,0,0,0,6008,7084,9083,4460.14,4909.11,6008,0,0,6451,5805410.3
353b01bd-099b-4732-b5dd-bced6c71fc8a,2025-02-14,5,14,2,7,0,0,6630,1,0,0,0,0,6451,913,4200.6,4369.71,4821.37,6451,0,0,6630,5812040.3
353b01bd-099b-4732-b5dd-bced6c71fc8a,2025-02-15,6,15,2,7,1,0,6233,1,5496,1,6087.11,1,6630,7616,-1137,5186.43,4902.35,6630,0,0,-5350.11,5806690.19
353b01bd-099b-4732-b5dd-bced6c71fc8a,2025-02-16,0,16,2,7,1,0,7523,1,0,0,0,0,-5350.11,686,7195,3334.13,4761.92,6233,5496,6087.11,7523,5814213.19
353b01bd-099b-4732-b5dd-bced6c71fc8a,2025-02-17,1,17,2,8,0,0,3278,1,3341,1,0,0,7523,8787,5247,4310.84,4772.85,7523,0,0,-63,5814150.19
353b01bd-099b-4732-b5dd-bced6c71fc8a,2025-02-18,2,18,2,8,0,0,5766,1,0,0,0,0,-63,127,5369,3046.56,4595.85,3278,3341,0,5766,5819916.19
353b01bd-099b-4732-b5dd-bced6c71fc8a,2025-02-19,3,19,2,8,0,0,6326,1,3118,1,0,0,5766,6008,-293.23,3852.13,4609.08,5766,0,0,3208,5823124.19
353b01bd-099b-4732-b5dd-bced6c71fc8a,2025-02-20,4,20,2,8,0,0,5648,1,0,0,1496.62,1,3208,6451,9322,3452.13,4725.79,6326,3118,0,4151.38,5827275.57
353b01bd-099b-4732-b5dd-bced6c71fc8a,2025-02-21,5,21,2,8,0,0,8703,1,5046,1,0,0,4151.38,6630,4850,3123.61,4553.44,5648,0,1496.62,3657,5830932.57
353b01bd-099b-4732-b5dd-bced6c71fc8a,2025-02-22,6,22,2,8,1,0,12669,1,0,0,0,0,3657,-5350.11,10193,2698.9,4513.67,8703,5046,0,12669,5843601.57
353b01bd-099b-4732-b5dd-bced6c71fc8a,2025-02-23,0,23,2,8,1,0,4604,1,0,0,0,0,12669,7523,9616,5273.05,4596.2,12669,0,0,4604,5848205.57
353b01bd-099b-4732-b5dd-bced6c71fc8a,2025-02-24,1,24,2,9,0,0,3836,1,0,0,0,0,4604,-63,13318,4856.05,4429.14,4604,0,0,3836,5852041.57
353b01bd-099b-4732-b5dd-bced6c71fc8a,2025-02-25,2,25,2,9,0,0,3866,1,4782,1,0,0,3836,5766,2812,5413.05,4113.07,3836,0,0,-916,5851125.57
353b01bd-099b-4732-b5dd-bced6c71fc8a,2025-02-26,3,26,2,9,0,0,4431,1,0,0,0,0,-916,3208,-918,4458.48,3988.8,3866,4782,0,4431,5855556.57
353b01bd-099b-4732-b5dd-bced6c71fc8a,2025-02-27,4,27,2,9,0,0,4149,1,0,0,0,0,4431,4151.38,9155,4633.2,4167.1,4431,0,0,4149,5859705.57
353b01bd-099b-4732-b5dd-bced6c71fc8a,2025-02-28,5,28,2,9,0,0,12206,1,6388,1,5651.57,1,4149,3657,8002,4632.86,4000.24,4149,0,0,166.43,5859872
353b01bd-099b-4732-b5dd-bced6c71fc8a,2025-03-01,6,1,3,9,1,0,14275,1,0,0,6009.32,1,166.43,12669,3507,4134.2,3739.05,12206,6388,5651.57,8265.68,5868137.68
353b01bd-099b-4732-b5dd-bced6c71fc8a,2025-03-02,0,2,3,9,1,0,7230,1,0,0,0,0,8265.68,4604,1131.01,3505.16,3897.67,14275,0,6009.32,7230,5875367.68
353b01bd-099b-4732-b5dd-bced6c71fc8a,2025-03-03,1,3,3,10,0,0,5689,1,0,0,0,0,7230,3836,-4766.18,3880.3,4100.97,7230,0,0,5689,5881056.68
353b01bd-099b-4732-b5dd-bced6c71fc8a,2025-03-04,2,4,3,10,0,0,7442,1,6713,1,0,0,5689,-916,4620,4145.02,4449.48,5689,0,0,729,5881785.68
353b01bd-099b-4732-b5dd-bced6c71fc8a,2025-03-05,3,5,3,10,0,0,6682,1,0,0,0,0,729,4431,6836,4380.02,4319.78,7442,6713,0,6682,5888467.68
353b01bd-099b-4732-b5dd-bced6c71fc8a,2025-03-06,4,6,3,10,0,0,4734,1,7666,1,0,0,6682,4149,-1265,4701.59,4314.65,6682,0,0,-2932,5885535.68
353b01bd-099b-4732-b5dd-bced6c71fc8a,2025-03-07,5,7,3,10,0,0,12835,1,0,0,0,0,-2932,166.43,9975,3690.02,4259.08,4734,7666,0,12835,5898370.68
353b01bd-099b-4732-b5dd-bced6c71fc8a,2025-03-08,6,8,3,10,1,0,5653,1,4173,1,0,0,12835,8265.68,7084,5499.81,4354.41,12835,0,0,1480,5899850.68
353b01bd-099b-4732-b5dd-bced6c71fc8a,2025-03-09,0,9,3,10,1,0,4837,1,0,0,0,0,1480,7230,913,4530.43,4167.61,5653,4173,0,4837,5904687.68
353b01bd-099b-4732-b5dd-bced6c71fc8a,2025-03-10,1,10,3,11,0,0,5831,1,3373,1,0,0,4837,5689,7616,4188.57,4298.41,4837,0,0,2458,5907145.68
353b01bd-099b-4732-b5dd-bced6c71fc8a,2025-03-11,2,11,3,11,0,0,3216,1,0,0,0,0,2458,729,686,3727,4126.48,5831,3373,0,3216,5910361.68
353b01bd-099b-4732-b5dd-bced6c71fc8a,2025-03-12,3,12,3,11,0,0,8891,1,0,0,0,0,3216,6682,8787,4082.29,4210.81,3216,0,0,8891,5919252.68
353b01bd-099b-4732-b5dd-bced6c71fc8a,2025-03-13,4,13,3,11,0,0,5703,1,3530,1,0,0,8891,-2932,127,4397.86,4214.28,8891,0,0,2173,5921425.68
353b01bd-099b-4732-b5dd-bced6c71fc8a,2025-03-14,5,14,3,11,0,0,10983,1,0,0,0,0,2173,12835,6008,5127.14,4282.48,5703,3530,0,10983,5932408.68
353b01bd-099b-4732-b5dd-bced6c71fc8a,2025-03-15,6,15,3,11,1,0,4692,1,3197,1,4284.31,1,10983,1480,6451,4862.57,4448.31,10983,0,0,-2789.31,5929619.37
353b01bd-099b-4732-b5dd-bced6c71fc8a,2025-03-16,0,16,3,11,1,0,3284,1,0,0,0,0,-2789.31,4837,6630,4252.67,4140.3,4692,3197,4284.31,3284,5932903.37
353b01bd-099b-4732-b5dd-bced6c71fc8a,2025-03-17,1,17,3,12,0,0,3810,1,5106,1,0,0,3284,2458,-5350.11,4030.81,4028.77,3284,0,0,-1296,5931607.37
353b01bd-099b-4732-b5dd-bced6c71fc8a,2025-03-18,2,18,3,12,0,0,3292,1,0,0,0,0,-1296,3216,7523,3494.53,4163.91,3810,5106,0,3292,5934899.37
353b01bd-099b-4732-b5dd-bced6c71fc8a,2025-03-19,3,19,3,12,0,0,6052,1,4066,1,0,0,3292,8891,-63,3505.38,4022.87,3292,0,0,1986,5936885.37
353b01bd-099b-4732-b5dd-bced6c71fc8a,2025-03-20,4,20,3,12,0,0,4985,1,0,0,838.51,1,1986,2173,5766,2518.96,4091.17,6052,4066,0,4146.49,5941031.86
353b01bd-099b-4732-b5dd-bced6c71fc8a,2025-03-21,5,21,3,12,0,1,5617,1,7401,1,0,0,4146.49,10983,3208,2800.88,4037.19,4985,0,838.51,-1784,5939247.86
353b01bd-099b-4732-b5dd-bced6c71fc8a,2025-03-22,6,22,3,12,1,0,13724,1,0,0,0,0,-1784,-2789.31,4151.38,977.03,3870.79,5617,7401,0,13724,5952971.86
353b01bd-099b-4732-b5dd-bced6c71fc8a,2025-03-23,0,23,3,12,1,0,3670,1,3677,1,0,0,13724,3284,3657,3336.07,4189.88,13724,0,0,-7,5952964.86
353b01bd-099b-4732-b5dd-bced6c71fc8a,2025-03-24,1,24,3,13,0,0,8410,1,0,0,0,0,-7,-1296,12669,2865.93,4067.74,3670,3677,0,8410,5961374.86
353b01bd-099b-4732-b5dd-bced6c71fc8a,2025-03-25,2,25,3,13,0,0,3193,1,3020,1,0,0,8410,3292,4604,4252.5,3925.78,8410,0,0,173,5961547.86
353b01bd-099b-4732-b5dd-bced6c71fc8a,2025-03-26,3,26,3,13,0,0,5358,1,0,0,0,0,173,1986,3836,3806.93,3778.08,3193,3020,0,5358,5966905.86
353b01bd-099b-4732-b5dd-bced6c71fc8a,2025-03-27,4,27,3,13,0,0,9591,1,0,0,0,0,5358,4146.49,-916,4288.64,3828.81,5358,0,0,9591,5976496.86
353b01bd-099b-4732-b5dd-bced6c71fc8a,2025-03-28,5,28,3,13,0,0,4900,1,4002,1,0,0,9591,-1784,4431,5066.43,4179.04,9591,0,0,898,5977394.86
353b01bd-099b-4732-b5dd-bced6c71fc8a,2025-03-29,6,29,3,13,1,0,9184,1,0,0,0,0,898,13724,4149,5449.57,4061.28,4900,4002,0,9184,5986578.86
353b01bd-099b-4732-b5dd-bced6c71fc8a,2025-03-30,0,30,3,13,1,0,2670,1,3090,1,0,0,9184,-7,166.43,4801,4229.11,9184,0,0,-420,5986158.86
353b01bd-099b-4732-b5dd-bced6c71fc8a,2025-03-31,1,31,3,14,0,0,3124,1,0,0,6255.36,1,-420,8410,8265.68,4742,4209.56,2670,3090,0,-3131.36,5983027.5
353b01bd-099b-4732-b5dd-bced6c71fc8a,2025-04-01,2,1,4,14,0,0,9164,1,7759,1,6145.28,1,-3131.36,173,7230,3093.23,3829.66,3124,0,6255.36,-4740.28,5978287.22
353b01bd-099b-4732-b5dd-bced6c71fc8a,2025-04-02,3,2,4,14,0,0,3887,1,0,0,0,0,-4740.28,5358,5689,2391.34,3430.65,9164,7759,6145.28,3887,5982174.22
353b01bd-099b-4732-b5dd-bced6c71fc8a,2025-04-03,4,3,4,14,0,0,3709,1,0,0,0,0,3887,9591,729,2181.19,3370.58,3887,0,0,3709,5985883.22
353b01bd-099b-4732-b5dd-bced6c71fc8a,2025-04-04,5,4,4,14,0,0,11143,1,3067,1,0,0,3709,898,6682,1340.91,3469.92,3709,0,0,8076,5993959.22
353b01bd-099b-4732-b5dd-bced6c71fc8a,2025-04-05,6,5,4,14,1,0,11071,1,0,0,0,0,8076,9184,-2932,2366.34,3516.38,11143,3067,0,11071,6005030.22
353b01bd-099b-4732-b5dd-bced6c71fc8a,2025-04-06,0,6,4,14,1,0,3246,1,4711,1,0,0,11071,-420,12835,2635.91,3983.15,11071,0,0,-1465,6003565.22
353b01bd-099b-4732-b5dd-bced6c71fc8a,2025-04-07,1,7,4,15,0,0,5204,1,0,0,0,0,-1465,-3131.36,1480,2486.62,3506.48,3246,4711,0,5204,6008769.22
353b01bd-099b-4732-b5dd-bced6c71fc8a,2025-04-08,2,8,4,15,0,0,7824,1,6071,1,0,0,5204,-4740.28,4837,3677.39,3630.62,5204,0,0,1753,6010522.22
353b01bd-099b-4732-b5dd-bced6c71fc8a,2025-04-09,3,9,4,15,0,0,5458,1,0,0,0,0,1753,3887,2458,4605,3527.82,7824,6071,0,5458,6015980.22
353b01bd-099b-4732-b5dd-bced6c71fc8a,2025-04-10,4,10,4,15,0,0,7036,1,0,0,0,0,5458,3709,3216,4829.43,3627.82,5458,0,0,7036,6023016.22
353b01bd-099b-4732-b5dd-bced6c71fc8a,2025-04-11,5,11,4,15,0,0,6752,1,7856,1,0,0,7036,8076,8891,5304.71,3755.15,7036,0,0,-1104,6021912.22
353b01bd-099b-4732-b5dd-bced6c71fc8a,2025-04-12,6,12,4,15,1,0,5247,1,0,0,0,0,-1104,11071,2173,3993.29,3421.98,6752,7856,0,5247,6027159.22
353b01bd-099b-4732-b5dd-bced6c71fc8a,2025-04-13,0,13,4,15,1,0,3401,1,6412,1,0,0,5247,-1465,10983,3161.29,3524.45,5247,0,0,-3011,6024148.22
353b01bd-099b-4732-b5dd-bced6c71fc8a,2025-04-14,1,14,4,16,0,0,3885,1,0,0,0,0,-3011,5204,-2789.31,2940.43,3057.98,3401,6412,0,3885,6028033.22
353b01bd-099b-4732-b5dd-bced6c71fc8a,2025-04-15,2,15,4,16,0,0,9825,1,0,0,4376.29,1,3885,1753,3284,2752,3280.46,3885,0,0,5448.71,6033481.93
353b01bd-099b-4732-b5dd-bced6c71fc8a,2025-04-16,3,16,4,16,0,0,4878,1,5401,1,0,0,5448.71,5458,-1296,3279.96,3352.62,9825,0,4376.29,-523,6032958.93
353b01bd-099b-4732-b5dd-bced6c71fc8a,2025-04-17,4,17,4,16,0,0,10401,1,0,0,0,0,-523,7036,3292,2425.53,3378.39,4878,5401,0,10401,6043359.93
353b01bd-099b-4732-b5dd-bced6c71fc8a,2025-04-18,5,18,4,16,0,0,8504,1,7219,1,0,0,10401,-1104,1986,2906.24,3615.35,10401,0,0,1285,6044644.93
353b01bd-099b-4732-b5dd-bced6c71fc8a,2025-04-19,6,19,4,16,1,0,13619,1,0,0,0,0,1285,5247,4146.49,3247.53,3591.99,8504,7219,0,13619,6058263.93
353b01bd-099b-4732-b5dd-bced6c71fc8a,2025-04-20,0,20,4,16,1,0,7584,1,6485,1,1265.68,1,13619,-3011,-1784,4443.53,3907.74,13619,0,0,-166.68,6058097.25
353b01bd-099b-4732-b5dd-bced6c71fc8a,2025-04-21,1,21,4,17,0,0,3211,1,0,0,0,0,-166.68,3885,13724,4849.86,3961.65,7584,6485,1265.68,3211,6061308.25
353b01bd-099b-4732-b5dd-bced6c71fc8a,2025-04-22,2,22,4,17,0,0,9825,1,5507,1,0,0,3211,5448.71,-7,4753.58,3611.21,3211,0,0,4318,6065626.25
353b01bd-099b-4732-b5dd-bced6c71fc8a,2025-04-23,3,23,4,17,0,0,6790,1,0,0,0,0,4318,-523,8410,4592.05,3755.38,9825,5507,0,6790,6072416.25
353b01bd-099b-4732-b5dd-bced6c71fc8a,2025-04-24,4,24,4,17,0,0,4354,1,3589,1,0,0,6790,10401,173,5636.76,3701.38,6790,0,0,765,6073181.25
353b01bd-099b-4732-b5dd-bced6c71fc8a,2025-04-25,5,25,4,17,0,0,7739,1,0,0,0,0,765,1285,5358,4260.19,3721.11,4354,3589,0,7739,6080920.25
353b01bd-099b-4732-b5dd-bced6c71fc8a,2025-04-26,6,26,4,17,1,0,5279,1,0,0,0,0,7739,13619,9591,5182.19,3800.48,7739,0,0,5279,6086199.25
353b01bd-099b-4732-b5dd-bced6c71fc8a,2025-04-27,0,27,4,17,1,0,3545,1,3708,1,0,0,5279,-166.68,898,3990.76,3656.75,5279,0,0,-163,6086036.25
353b01bd-099b-4732-b5dd-bced6c71fc8a,2025-04-28,1,28,4,18,0,0,5562,1,0,0,0,0,-163,3211,9184,3991.29,3621.38,3545,3708,0,5562,6091598.25
353b01bd-099b-4732-b5dd-bced6c71fc8a,2025-04-29,2,29,4,18,0,0,3893,1,3790,1,0,0,5562,4318,-420,4327.14,3500.65,5562,0,0,103,6091701.25
353b01bd-099b-4732-b5dd-bced6c71fc8a,2025-04-30,3,30,4,18,0,0,6733,1,0,0,4637.96,1,103,6790,-3131.36,3725,3518.08,3893,3790,0,2095.04,6093796.29
353b01bd-099b-4732-b5dd-bced6c71fc8a,2025-05-01,4,1,5,18,0,1,2060,1,4315,1,5877.66,1,2095.04,765,-4740.28,3054.29,3692.29,6733,0,4637.96,-8132.66,6085663.63
353b01bd-099b-4732-b5dd-bced6c71fc8a,2025-05-02,5,2,5,18,0,0,8752,1,0,0,0,0,-8132.66,7739,3887,1783.2,3579.21,2060,4315,5877.66,8752,6094415.63
353b01bd-099b-4732-b5dd-bced6c71fc8a,2025-05-03,6,3,5,18,1,0,8889,1,4203,1,0,0,8752,5279,3709,1927.91,3741.38,8752,0,0,4686,6099101.63
353b01bd-099b-4732-b5dd-bced6c71fc8a,2025-05-04,0,4,5,18,1,0,7416,1,0,0,0,0,4686,-163,8076,1843.2,3773.95,8889,4203,0,7416,6106517.63
353b01bd-099b-4732-b5dd-bced6c71fc8a,2025-05-05,1,5,5,19,0,0,6829,1,7187,1,0,0,7416,5562,11071,2925.91,3751.95,7416,0,0,-358,6106159.63
353b01bd-099b-4732-b5dd-bced6c71fc8a,2025-05-06,2,6,5,19,0,0,9306,1,0,0,0,0,-358,103,-1465,2080.2,3370.98,6829,7187,0,9306,6115465.63
353b01bd-099b-4732-b5dd-bced6c71fc8a,2025-05-07,3,7,5,19,0,0,7707,1,0,0,0,0,9306,2095.04,5204,3394.91,3730.01,9306,0,0,7707,6123172.63
353b01bd-099b-4732-b5dd-bced6c71fc8a,2025-05-08,4,8,5,19,0,0,4165,1,0,0,0,0,7707,-8132.66,1753,4196.62,3813.45,7707,0,0,4165,6127337.63
353b01bd-099b-4732-b5dd-bced6c71fc8a,2025-05-09,5,9,5,19,0,0,9898,1,0,0,0,0,4165,8752,5458,5953.43,3893.85,4165,0,0,9898,6137235.63
353b01bd-099b-4732-b5dd-bced6c71fc8a,2025-05-10,6,10,5,19,1,1,19026,1,4092,1,0,0,9898,4686,7036,6117.14,4041.85,9898,0,0,14934,6152169.63
353b01bd-099b-4732-b5dd-bced6c71fc8a,2025-05-11,0,11,5,19,1,0,4599,1,0,0,0,0,14934,7416,-1104,7581.14,4305.11,19026,4092,0,4599,6156768.63
353b01bd-099b-4732-b5dd-bced6c71fc8a,2025-05-12,1,12,5,20,0,0,3477,1,7049,1,0,0,4599,-358,5247,7178.71,4495.21,4599,0,0,-3572,6153196.63
353b01bd-099b-4732-b5dd-bced6c71fc8a,2025-05-13,2,13,5,20,0,0,8550,1,0,0,0,0,-3572,9306,-3011,6719.57,4201.25,3477,7049,0,8550,6161746.63
353b01bd-099b-4732-b5dd-bced6c71fc8a,2025-05-14,3,14,5,20,0,0,3833,1,4342,1,0,0,8550,7707,3885,6611.57,4586.61,8550,0,0,-509,6161237.63
353b01bd-099b-4732-b5dd-bced6c71fc8a,2025-05-15,4,15,5,20,0,0,4732,1,0,0,5738.57,1,-509,4165,5448.71,5437.86,4440.15,3833,4342,0,-1006.57,6160231.06
353b01bd-099b-4732-b5dd-bced6c71fc8a,2025-05-16,5,16,5,20,0,0,8798,1,3968,1,0,0,-1006.57,9898,-523,4699.06,4224.97,4732,0,5738.57,4830,6165061.06
353b01bd-099b-4732-b5dd-bced6c71fc8a,2025-05-17,6,17,5,20,1,0,12999,1,0,0,0,0,4830,14934,10401,3975.06,4403.4,8798,3968,0,12999,6178060.06
353b01bd-099b-4732-b5dd-bced6c71fc8a,2025-05-18,0,18,5,20,1,0,2800,1,0,0,0,0,12999,4599,1285,3698.63,4490,12999,0,0,2800,6180860.06
353b01bd-099b-4732-b5dd-bced6c71fc8a,2025-05-19,1,19,5,21,0,0,3154,1,4392,1,0,0,2800,-3572,13619,3441.63,4540.5,2800,0,0,-1238,6179622.06
353b01bd-099b-4732-b5dd-bced6c71fc8a,2025-05-20,2,20,5,21,0,0,6467,1,0,0,1408.88,1,-1238,8550,-166.68,3775.06,4045.27,3154,4392,0,5058.12,6184680.18
353b01bd-099b-4732-b5dd-bced6c71fc8a,2025-05-21,3,21,5,21,0,0,9436,1,5500,1,0,0,5058.12,-509,3211,3276.22,4219.43,6467,0,1408.88,3936,6188616.18
353b01bd-099b-4732-b5dd-bced6c71fc8a,2025-05-22,4,22,5,21,0,0,8693,1,0,0,0,0,3936,-1006.57,4318,3911.22,4243.6,9436,5500,0,8693,6197309.18
353b01bd-099b-4732-b5dd-bced6c71fc8a,2025-05-23,5,23,5,21,0,0,11624,1,0,0,0,0,8693,4830,6790,5296.87,4389.43,8693,0,0,11624,6208933.18
353b01bd-099b-4732-b5dd-bced6c71fc8a,2025-05-24,6,24,5,21,1,0,10244,1,4568,1,0,0,11624,12999,765,6267.45,4550.56,11624,0,0,5676,6214609.18
353b01bd-099b-4732-b5dd-bced6c71fc8a,2025-05-25,0,25,5,21,1,0,3066,1,0,0,0,0,5676,2800,7739,5221.3,4714.26,10244,4568,0,3066,6217675.18
353b01bd-099b-4732-b5dd-bced6c71fc8a,2025-05-26,1,26,5,22,0,0,8259,1,3833,1,0,0,3066,-1238,5279,5259.3,4558.5,3066,0,0,4426,6222101.18
353b01bd-099b-4732-b5dd-bced6c71fc8a,2025-05-27,2,27,5,22,0,0,3581,1,0,0,0,0,4426,5058.12,-163,6068.45,4530.06,8259,3833,0,3581,6225682.18
353b01bd-099b-4732-b5dd-bced6c71fc8a,2025-05-28,3,28,5,22,0,0,5743,1,5142,1,0,0,3581,3936,5562,5857.43,4654.86,3581,0,0,601,6226283.18
353b01bd-099b-4732-b5dd-bced6c71fc8a,2025-05-29,4,29,5,22,0,0,5196,1,0,0,0,0,601,8693,103,5381,4489.5,5743,5142,0,5196,6231479.18
353b01bd-099b-4732-b5dd-bced6c71fc8a,2025-05-30,5,30,5,22,0,0,6216,1,5072,1,0,0,5196,11624,2095.04,4881.43,4659.26,5196,0,0,1144,6232623.18
353b01bd-099b-4732-b5dd-bced6c71fc8a,2025-05-31,6,31,5,22,1,0,12178,1,0,0,4651.22,1,1144,5676,-8132.66,3384.29,4627.56,6216,5072,0,7526.78,6240149.96
353b01bd-099b-4732-b5dd-bced6c71fc8a,2025-06-01,0,1,6,22,1,0,3516,1,7190,1,5998.45,1,7526.78,3066,8752,3648.68,5149.54,12178,0,4651.22,-9672.45,6230477.51
353b01bd-099b-4732-b5dd-bced6c71fc8a,2025-06-02,1,2,6,23,0,0,7391,1,0,0,0,0,-9672.45,4426,4686,1828.9,4535.4,3516,7190,5998.45,7391,6237868.51
353b01bd-099b-4732-b5dd-bced6c71fc8a,2025-06-03,2,3,6,23,0,0,4914,1,3566,1,0,0,7391,3581,7416,2252.48,4625.56,7391,0,0,1348,6239216.51
353b01bd-099b-4732-b5dd-bced6c71fc8a,2025-06-04,3,4,6,23,0,0,7777,1,0,0,0,0,1348,601,-358,1933.48,4423.3,4914,3566,0,7777,6246993.51
353b01bd-099b-4732-b5dd-bced6c71fc8a,2025-06-05,4,5,6,23,0,0,11251,1,0,0,0,0,7777,5196,9306,2958.62,4694.46,7777,0,0,11251,6258244.51
353b01bd-099b-4732-b5dd-bced6c71fc8a,2025-06-06,5,6,6,23,0,0,10217,1,0,0,0,0,11251,1144,7707,3823.62,4759.3,11251,0,0,10217,6268461.51
353b01bd-099b-4732-b5dd-bced6c71fc8a,2025-06-07,6,7,6,23,1,0,8080,1,0,0,0,0,10217,7526.78,4165,5119.76,4842.96,10217,0,0,8080,6276541.51
353b01bd-099b-4732-b5dd-bced6c71fc8a,2025-06-08,0,8,6,23,1,0,3127,1,6484,1,0,0,8080,-9672.45,9898,5198.79,4973.46,8080,0,0,-3357,6273184.51
353b01bd-099b-4732-b5dd-bced6c71fc8a,2025-06-09,1,9,6,24,0,0,5862,1,0,0,0,0,-3357,7391,14934,6101,4531.63,3127,6484,0,5862,6279046.51
353b01bd-099b-4732-b5dd-bced6c71fc8a,2025-06-10,2,10,6,24,0,0,4407,1,6918,1,0,0,5862,1348,4599,5882.57,4229.23,5862,0,0,-2511,6276535.51
353b01bd-099b-4732-b5dd-bced6c71fc8a,2025-06-11,3,11,6,24,0,0,8525,1,0,0,0,0,-2511,7777,-3572,5331.29,3992.23,4407,6918,0,8525,6285060.51
353b01bd-099b-4732-b5dd-bced6c71fc8a,2025-06-12,4,12,6,24,0,0,4482,1,4101,1,0,0,8525,11251,8550,5438.14,4395.46,8525,0,0,381,6285441.51
353b01bd-099b-4732-b5dd-bced6c71fc8a,2025-06-13,5,13,6,24,0,0,9042,1,0,0,0,0,381,10217,-509,3885.29,4123.16,4482,4101,0,9042,6294483.51
353b01bd-099b-4732-b5dd-bced6c71fc8a,2025-06-14,6,14,6,24,1,0,9561,1,0,0,0,0,9042,8080,-1006.57,3717.43,4441.53,9042,0,0,9561,6304044.51
353b01bd-099b-4732-b5dd-bced6c71fc8a,2025-06-15,0,15,6,24,1,0,4370,1,4632,1,6793.23,1,9561,-3357,4830,3929,4793.78,9561,0,0,-7055.23,6296989.28
353b01bd-099b-4732-b5dd-bced6c71fc8a,2025-06-16,1,16,6,25,0,0,5798,1,0,0,0,0,-7055.23,5862,12999,3400.68,4397.61,4370,4632,6793.23,5798,6302787.28
353b01bd-099b-4732-b5dd-bced6c71fc8a,2025-06-17,2,17,6,25,0,0,3176,1,4207,1,0,0,5798,-2511,2800,3391.54,4157.57,5798,0,0,-1031,6301756.28
353b01bd-099b-4732-b5dd-bced6c71fc8a,2025-06-18,3,18,6,25,0,0,7681,1,0,0,0,0,-1031,8525,-1238,3602.97,4029.87,3176,4207,0,7681,6309437.28
353b01bd-099b-4732-b5dd-bced6c71fc8a,2025-06-19,4,19,6,25,0,0,6423,1,4634,1,0,0,7681,381,5058.12,3482.4,4327.17,7681,0,0,1789,6311226.28
353b01bd-099b-4732-b5dd-bced6c71fc8a,2025-06-20,5,20,6,25,0,0,9279,1,0,0,1275.34,1,1789,9042,3936,3683.54,4218.2,6423,4634,0,8003.66,6319229.94
353b01bd-099b-4732-b5dd-bced6c71fc8a,2025-06-21,6,21,6,25,1,0,5589,1,0,0,0,0,8003.66,9561,8693,3535.2,4353.79,9279,0,1275.34,5589,6324818.94
353b01bd-099b-4732-b5dd-bced6c71fc8a,2025-06-22,0,22,6,25,1,0,7076,1,0,0,0,0,5589,-7055.23,11624,2967.78,4250.33,5589,0,0,7076,6331894.94
353b01bd-099b-4732-b5dd-bced6c71fc8a,2025-06-23,1,23,6,26,0,0,8339,1,0,0,0,0,7076,5798,5676,4986.52,4098.73,7076,0,0,8339,6340233.94
353b01bd-099b-4732-b5dd-bced6c71fc8a,2025-06-24,2,24,6,26,0,0,3974,1,0,0,0,0,8339,-1031,3066,5349.52,4187.49,8339,0,0,3974,6344207.94
353b01bd-099b-4732-b5dd-bced6c71fc8a,2025-06-25,3,25,6,26,0,0,9612,1,7440,1,0,0,3974,7681,4426,6064.52,4217.76,3974,0,0,2172,6346379.94
353b01bd-099b-4732-b5dd-bced6c71fc8a,2025-06-26,4,26,6,26,0,0,4745,1,0,0,0,0,2172,1789,3581,5277.52,4142.63,9612,7440,0,4745,6351124.94
353b01bd-099b-4732-b5dd-bced6c71fc8a,2025-06-27,5,27,6,26,0,0,12476,1,6776,1,0,0,4745,8003.66,601,5699.81,4181.43,4745,0,0,5700,6356824.94
353b01bd-099b-4732-b5dd-bced6c71fc8a,2025-06-28,6,28,6,26,1,0,11991,1,0,0,0,0,5700,5589,5196,5370.71,4351.39,12476,6776,0,11991,6368815.94
353b01bd-099b-4732-b5dd-bced6c71fc8a,2025-06-29,0,29,6,26,1,0,7005,1,3758,1,0,0,11991,7076,1144,6285.29,4577.89,11991,0,0,3247,6372062.94
353b01bd-099b-4732-b5dd-bced6c71fc8a,2025-06-30,1,30,6,27,0,0,5383,1,0,0,5036.19,1,3247,8339,7526.78,5738.29,4647.99,7005,3758,0,346.81,6372409.75
353b01bd-099b-4732-b5dd-bced6c71fc8a,2025-07-01,2,1,7,27,0,0,3689,1,7997,1,5914.5,1,346.81,3974,-9672.45,4596.54,4408.66,5383,0,5036.19,-10222.5,6362187.25
353b01bd-099b-4732-b5dd-bced6c71fc8a,2025-07-02,3,2,7,27,0,0,6773,1,0,0,0,0,-10222.5,2172,7391,2568.47,4390.32,3689,7997,5914.5,6773,6368960.25
353b01bd-099b-4732-b5dd-bced6c71fc8a,2025-07-03,4,3,7,27,0,0,9474,1,6893,1,0,0,6773,4745,1348,3225.76,4369.72,6773,0,0,2581,6371541.25
353b01bd-099b-4732-b5dd-bced6c71fc8a,2025-07-04,5,4,7,27,0,0,4688,1,0,0,0,0,2581,5700,7777,2916.62,4410.82,9474,6893,0,4688,6376229.25
353b01bd-099b-4732-b5dd-bced6c71fc8a,2025-07-05,6,5,7,27,1,0,6036,1,0,0,0,0,4688,11991,11251,2772.04,4307.86,4688,0,0,6036,6382265.25
353b01bd-099b-4732-b5dd-bced6c71fc8a,2025-07-06,0,6,7,27,1,0,4717,1,4534,1,0,0,6036,3247,10217,1921.33,4134.02,6036,0,0,183,6382448.25
353b01bd-099b-4732-b5dd-bced6c71fc8a,2025-07-07,1,7,7,28,0,0,7883,1,0,0,0,0,183,346.81,8080,1483.62,3799.56,4717,4534,0,7883,6390331.25
353b01bd-099b-4732-b5dd-bced6c71fc8a,2025-07-08,2,8,7,28,0,0,4978,1,4366,1,0,0,7883,-10222.5,-3357,2560.21,3792.99,7883,0,0,612,6390943.25
353b01bd-099b-4732-b5dd-bced6c71fc8a,2025-07-09,3,9,7,28,0,0,4023,1,0,0,0,0,612,6773,5862,4108,3925.29,4978,4366,0,4023,6394966.25
353b01bd-099b-4732-b5dd-bced6c71fc8a,2025-07-10,4,10,7,28,0,0,8061,1,0,0,0,0,4023,2581,-2511,3715.14,3863.99,4023,0,0,8061,6403027.25
353b01bd-099b-4732-b5dd-bced6c71fc8a,2025-07-11,5,11,7,28,0,0,6807,1,4036,1,0,0,8061,4688,8525,4498,4216.39,8061,0,0,2771,6405798.25
353b01bd-099b-4732-b5dd-bced6c71fc8a,2025-07-12,6,12,7,28,1,0,6478,1,0,0,0,0,2771,6036,381,4224.14,4024.59,6807,4036,0,6478,6412276.25
353b01bd-099b-4732-b5dd-bced6c71fc8a,2025-07-13,0,13,7,28,1,0,3962,1,0,0,0,0,6478,183,9042,4287.29,4227.82,6478,0,0,3962,6416238.25
353b01bd-099b-4732-b5dd-bced6c71fc8a,2025-07-14,1,14,7,29,0,0,3832,1,7032,1,0,0,3962,7883,9561,4827.14,4058.49,3962,0,0,-3200,6413038.25
353b01bd-099b-4732-b5dd-bced6c71fc8a,2025-07-15,2,15,7,29,0,0,9058,1,0,0,6429.27,1,-3200,612,-7055.23,3243.86,3633.12,3832,7032,0,2628.73,6415666.98
353b01bd-099b-4732-b5dd-bced6c71fc8a,2025-07-16,3,16,7,29,0,0,7187,1,0,0,0,0,2628.73,4023,5798,3531.96,3955.92,9058,0,6429.27,7187,6422853.98
353b01bd-099b-4732-b5dd-bced6c71fc8a,2025-07-17,4,17,7,29,0,0,6458,1,3021,1,0,0,7187,8061,-1031,3983.96,4002.22,7187,0,0,3437,6426290.98
353b01bd-099b-4732-b5dd-bced6c71fc8a,2025-07-18,5,18,7,29,0,0,10703,1,0,0,0,0,3437,2771,7681,3323.39,4151.16,6458,3021,0,10703,6436993.98
353b01bd-099b-4732-b5dd-bced6c71fc8a,2025-07-19,6,19,7,29,1,0,12580,1,0,0,0,0,10703,6478,1789,4456.53,4251.89,10703,0,0,12580,6449573.98
353b01bd-099b-4732-b5dd-bced6c71fc8a,2025-07-20,0,20,7,29,1,0,5875,1,6652,1,1036.94,1,12580,3962,8003.66,5328.25,4611.59,12580,0,0,-1813.94,6447760.04
353b01bd-099b-4732-b5dd-bced6c71fc8a,2025-07-21,1,21,7,30,0,0,7591,1,0,0,0,0,-1813.94,-3200,5589,4503.11,4284.34,5875,6652,1036.94,7591,6455351.04
353b01bd-099b-4732-b5dd-bced6c71fc8a,2025-07-22,2,22,7,30,0,0,8907,1,0,0,0,0,7591,2628.73,7076,6044.68,4351.07,7591,0,0,8907,6464258.04
353b01bd-099b-4732-b5dd-bced6c71fc8a,2025-07-23,3,23,7,30,0,0,4405,1,4563,1,0,0,8907,7187,8339,6941.58,4412.1,8907,0,0,-158,6464100.04
353b01bd-099b-4732-b5dd-bced6c71fc8a,2025-07-24,4,24,7,30,0,0,9915,1,0,0,0,0,-158,3437,3974,5892.29,4128.87,4405,4563,0,9915,6474015.04
353b01bd-099b-4732-b5dd-bced6c71fc8a,2025-07-25,5,25,7,30,0,0,8115,1,5900,1,0,0,9915,10703,2172,6817.72,4326.9,9915,0,0,2215,6476230.04
353b01bd-099b-4732-b5dd-bced6c71fc8a,2025-07-26,6,26,7,30,1,0,9959,1,0,0,0,0,2215,12580,4745,5605.15,4328.34,8115,5900,0,9959,6486189.04
353b01bd-099b-4732-b5dd-bced6c71fc8a,2025-07-27,0,27,7,30,1,0,3177,1,7861,1,0,0,9959,-1813.94,5700,5230.72,4502.14,9959,0,0,-4684,6481505.04
353b01bd-099b-4732-b5dd-bced6c71fc8a,2025-07-28,1,28,7,31,0,0,5934,1,0,0,0,0,-4684,7591,11991,4820.71,4156,3177,7861,0,5934,6487439.04
353b01bd-099b-4732-b5dd-bced6c71fc8a,2025-07-29,2,29,7,31,0,0,3547,1,3486,1,0,0,5934,8907,3247,4584,3954.1,5934,0,0,61,6487500.04
353b01bd-099b-4732-b5dd-bced6c71fc8a,2025-07-30,3,30,7,31,0,0,5562,1,0,0,0,0,61,-158,346.81,3320.29,3847.9,3547,3486,0,5562,6493062.04
353b01bd-099b-4732-b5dd-bced6c71fc8a,2025-07-31,4,31,7,31,0,0,9420,1,0,0,4682.57,1,5562,9915,-10222.5,4137.43,4021.74,5562,0,0,4737.43,6497799.47
353b01bd-099b-4732-b5dd-bced6c71fc8a,2025-08-01,5,1,8,31,0,0,8110,1,6838,1,5894.56,1,4737.43,2215,6773,3397.78,4520.41,9420,0,4682.57,-4622.56,6493176.91
353b01bd-099b-4732-b5dd-bced6c71fc8a,2025-08-02,6,2,8,31,1,0,7527,1,0,0,0,0,-4622.56,9959,2581,2420.98,4140.56,8110,6838,5894.56,7527,6500703.91
353b01bd-099b-4732-b5dd-bced6c71fc8a,2025-08-03,0,3,8,31,1,0,5625,1,3028,1,0,0,7527,-4684,4688,2073.55,4305.42,7527,0,0,2597,6503300.91
353b01bd-099b-4732-b5dd-bced6c71fc8a,2025-08-04,1,4,8,32,0,0,6142,1,0,0,0,0,2597,5934,6036,3113.7,4235.72,5625,3028,0,6142,6509442.91
353b01bd-099b-4732-b5dd-bced6c71fc8a,2025-08-05,2,5,8,32,0,0,3963,1,0,0,0,0,6142,61,183,3143.41,4239.26,6142,0,0,3963,6513405.91
353b01bd-099b-4732-b5dd-bced6c71fc8a,2025-08-06,3,6,8,32,0,0,5256,1,4872,1,0,0,3963,5562,7883,3700.84,4365.26,3963,0,0,384,6513789.91
353b01bd-099b-4732-b5dd-bced6c71fc8a,2025-08-07,4,7,8,32,0,0,4839,1,0,0,0,0,384,4737.43,612,2961.12,4115.29,5256,4872,0,4839,6518628.91
353b01bd-099b-4732-b5dd-bced6c71fc8a,2025-08-08,5,8,8,32,0,0,9182,1,4073,1,0,0,4839,-4622.56,4023,2975.63,4256.19,4839,0,0,5109,6523737.91
353b01bd-099b-4732-b5dd-bced6c71fc8a,2025-08-09,6,9,8,32,1,0,7321,1,0,0,0,0,5109,7527,8061,4365.86,4292.39,9182,4073,0,7321,6531058.91
353b01bd-099b-4732-b5dd-bced6c71fc8a,2025-08-10,0,10,8,32,1,0,3479,1,0,0,0,0,7321,2597,2771,4336.43,4267.72,7321,0,0,3479,6534537.91
353b01bd-099b-4732-b5dd-bced6c71fc8a,2025-08-11,1,11,8,33,0,0,7344,1,0,0,0,0,3479,6142,6478,4462.43,4291.32,3479,0,0,7344,6541881.91
353b01bd-099b-4732-b5dd-bced6c71fc8a,2025-08-12,2,12,8,33,0,0,5837,1,5805,1,0,0,7344,3963,3962,4634.14,4320.19,7344,0,0,32,6541913.91
353b01bd-099b-4732-b5dd-bced6c71fc8a,2025-08-13,3,13,8,33,0,0,7015,1,0,0,0,0,32,384,-3200,4072.57,4189.19,5837,5805,0,7015,6548928.91
353b01bd-099b-4732-b5dd-bced6c71fc8a,2025-08-14,4,14,8,33,0,0,4699,1,3089,1,0,0,7015,4839,2628.73,5019.86,4529.69,7015,0,0,1610,6550538.91
353b01bd-099b-4732-b5dd-bced6c71fc8a,2025-08-15,5,15,8,33,0,0,8915,1,0,0,6991.82,1,1610,5109,7187,4558.57,4495.73,4699,3089,0,1923.18,6552462.09
353b01bd-099b-4732-b5dd-bced6c71fc8a,2025-08-16,6,16,8,33,1,0,10171,1,0,0,0,0,1923.18,7321,3437,4103.45,4320.27,8915,0,6991.82,10171,6562633.09
353b01bd-099b-4732-b5dd-bced6c71fc8a,2025-08-17,0,17,8,33,1,0,7476,1,0,0,0,0,10171,3479,10703,4510.6,4544.74,10171,0,0,7476,6570109.09
353b01bd-099b-4732-b5dd-bced6c71fc8a,2025-08-18,1,18,8,34,0,0,4958,1,6034,1,0,0,7476,7344,12580,5081.6,4437.17,7476,0,0,-1076,6569033.09
353b01bd-099b-4732-b5dd-bced6c71fc8a,2025-08-19,2,19,8,34,0,0,6524,1,0,0,0,0,-1076,32,-1813.94,3878.74,3981.97,4958,6034,0,6524,6575557.09
353b01bd-099b-4732-b5dd-bced6c71fc8a,2025-08-20,3,20,8,34,0,0,4833,1,0,0,1155.25,1,6524,7015,7591,4806.17,4259.9,6524,0,0,3677.75,6579234.84
353b01bd-099b-4732-b5dd-bced6c71fc8a,2025-08-21,4,21,8,34,0,0,7785,1,0,0,0,0,3677.75,1610,8907,4329.42,4129.46,4833,0,1155.25,7785,6587019.84
353b01bd-099b-4732-b5dd-bced6c71fc8a,2025-08-22,5,22,8,34,0,0,8525,1,6366,1,0,0,7785,1923.18,-158,5211.56,4092.06,7785,0,0,2159,6589178.84
353b01bd-099b-4732-b5dd-bced6c71fc8a,2025-08-23,6,23,8,34,1,0,5902,1,0,0,0,0,2159,10171,9915,5245.25,4169.29,8525,6366,0,5902,6595080.84
353b01bd-099b-4732-b5dd-bced6c71fc8a,2025-08-24,0,24,8,34,1,0,7213,1,0,0,0,0,5902,7476,2215,4635.39,4035.53,5902,0,0,7213,6602293.84
353b01bd-099b-4732-b5dd-bced6c71fc8a,2025-08-25,1,25,8,35,0,0,8541,1,0,0,0,0,7213,-1076,9959,4597.82,4202.13,7213,0,0,8541,6610834.84
353b01bd-099b-4732-b5dd-bced6c71fc8a,2025-08-26,2,26,8,35,0,0,4493,1,6982,1,0,0,8541,6524,-4684,5971.68,4154.86,8541,0,0,-2489,6608345.84
353b01bd-099b-4732-b5dd-bced6c71fc8a,2025-08-27,3,27,8,35,0,0,7133,1,0,0,0,0,-2489,3677.75,5934,4684.11,4228.03,4493,6982,0,7133,6615478.84
353b01bd-099b-4732-b5dd-bced6c71fc8a,2025-08-28,4,28,8,35,0,0,10939,1,0,0,0,0,7133,7785,61,5177.71,4267.99,7133,0,0,10939,6626417.84
353b01bd-099b-4732-b5dd-bced6c71fc8a,2025-08-29,5,29,8,35,0,0,13410,1,7118,1,0,0,10939,2159,5562,5628.29,4630.59,10939,0,0,6292,6632709.84
353b01bd-099b-4732-b5dd-bced6c71fc8a,2025-08-30,6,30,8,35,1,0,7198,1,0,0,0,0,6292,5902,4737.43,6218.71,4654.93,13410,7118,0,7198,6639907.84
353b01bd-099b-4732-b5dd-bced6c71fc8a,2025-08-31,0,31,8,35,1,0,6791,1,3669,1,4580.39,1,7198,7213,-4622.56,6403.86,4736.95,7198,0,0,-1458.39,6638449.45
353b01bd-099b-4732-b5dd-bced6c71fc8a,2025-09-01,1,1,9,36,0,0,4231,1,0,0,5943.69,1,-1458.39,8541,7527,5165.09,4842.42,6791,3669,4580.39,-1712.69,6636736.76
353b01bd-099b-4732-b5dd-bced6c71fc8a,2025-09-02,2,2,9,36,0,0,5490,1,6176,1,0,0,-1712.69,-2489,2597,3700.27,4534.43,4231,0,5943.69,-686,6636050.76
353b01bd-099b-4732-b5dd-bced6c71fc8a,2025-09-03,3,3,9,36,0,0,4935,1,0,0,0,0,-686,7133,6142,3957.85,4424.99,5490,6176,0,4935,6640985.76
353b01bd-099b-4732-b5dd-bced6c71fc8a,2025-09-04,4,4,9,36,0,0,4397,1,4203,1,0,0,4935,10939,3963,3643.85,4384.76,4935,0,0,194,6641179.76
353b01bd-099b-4732-b5dd-bced6c71fc8a,2025-09-05,5,5,9,36,0,0,11989,1,0,0,0,0,194,6292,384,2108.85,4259.13,4397,4203,0,11989,6653168.76
353b01bd-099b-4732-b5dd-bced6c71fc8a,2025-09-06,6,6,9,36,1,0,12234,1,0,0,0,0,11989,7198,4839,2922.7,4645.96,11989,0,0,12234,6665402.76
353b01bd-099b-4732-b5dd-bced6c71fc8a,2025-09-07,0,7,9,36,1,0,6121,1,0,0,0,0,12234,-1458.39,5109,3642.13,4892.46,12234,0,0,6121,6671523.76
353b01bd-099b-4732-b5dd-bced6c71fc8a,2025-09-08,1,8,9,37,0,0,6391,1,5467,1,0,0,6121,-1712.69,7321,4724.9,4926.19,6121,0,0,924,6672447.76
353b01bd-099b-4732-b5dd-bced6c71fc8a,2025-09-09,2,9,9,37,0,0,4796,1,0,0,0,0,924,-686,3479,5101.57,4712.96,6391,5467,0,4796,6677243.76
353b01bd-099b-4732-b5dd-bced6c71fc8a,2025-09-10,3,10,9,37,0,0,9065,1,5987,1,0,0,4796,4935,7344,5884.71,4756.86,4796,0,0,3078,6680321.76
353b01bd-099b-4732-b5dd-bced6c71fc8a,2025-09-11,4,11,9,37,0,0,6483,1,0,0,0,0,3078,194,32,5619.43,4614.66,9065,5987,0,6483,6686804.76
353b01bd-099b-4732-b5dd-bced6c71fc8a,2025-09-12,5,12,9,37,0,0,9971,1,0,0,0,0,6483,11989,7015,6517.86,4829.69,6483,0,0,9971,6696775.76
353b01bd-099b-4732-b5dd-bced6c71fc8a,2025-09-13,6,13,9,37,1,0,6202,1,0,0,0,0,9971,12234,1610,6229.57,4928.23,9971,0,0,6202,6702977.76
353b01bd-099b-4732-b5dd-bced6c71fc8a,2025-09-14,0,14,9,37,1,0,4872,1,0,0,0,0,6202,6121,1923.18,5367.86,5081.29,6202,0,0,4872,6707849.76
353b01bd-099b-4732-b5dd-bced6c71fc8a,2025-09-15,1,15,9,38,0,0,6644,1,3960,1,6633.66,1,4872,924,10171,5189.43,5179.59,4872,0,0,-3949.66,6703900.1
353b01bd-099b-4732-b5dd-bced6c71fc8a,2025-09-16,2,16,9,38,0,1,4834,1,0,0,0,0,-3949.66,4796,7476,4493.19,4708.9,6644,3960,6633.66,4834,6708734.1
353b01bd-099b-4732-b5dd-bced6c71fc8a,2025-09-17,3,17,9,38,0,0,8871,1,4400,1,0,0,4834,3078,-1076,4498.62,4620.83,4834,0,0,4471,6713205.1
353b01bd-099b-4732-b5dd-bced6c71fc8a,2025-09-18,4,18,9,38,0,0,7474,1,0,0,0,0,4471,6483,6524,4697.62,4805.73,8871,4400,0,7474,6720679.1
353b01bd-099b-4732-b5dd-bced6c71fc8a,2025-09-19,5,19,9,38,0,0,10863,1,7177,1,0,0,7474,9971,3677.75,4839.19,4837.4,7474,0,0,3686,6724365.1
353b01bd-099b-4732-b5dd-bced6c71fc8a,2025-09-20,6,20,9,38,1,0,12236,1,0,0,892.15,1,3686,6202,7785,3941.33,4837.68,10863,7177,0,11343.85,6735708.95
353b01bd-099b-4732-b5dd-bced6c71fc8a,2025-09-21,0,21,9,38,1,0,4967,1,3338,1,0,0,11343.85,4872,2159,4675.88,4956.3,12236,0,892.15,1629,6737337.95
353b01bd-099b-4732-b5dd-bced6c71fc8a,2025-09-22,1,22,9,39,0,0,6922,1,0,0,0,0,1629,-3949.66,5902,4212.6,4938.64,4967,3338,0,6922,6744259.95
353b01bd-099b-4732-b5dd-bced6c71fc8a,2025-09-23,2,23,9,39,0,0,5281,1,6121,1,0,0,6922,4834,7213,5765.69,4972.64,6922,0,0,-840,6743419.95
353b01bd-099b-4732-b5dd-bced6c71fc8a,2025-09-24,3,24,9,39,0,0,5115,1,0,0,0,0,-840,4471,8541,4955.12,4704.2,5281,6121,0,5115,6748534.95
353b01bd-099b-4732-b5dd-bced6c71fc8a,2025-09-25,4,25,9,39,0,0,6045,1,0,0,0,0,5115,7474,-2489,5047.12,4590,5115,0,0,6045,6754579.95
353b01bd-099b-4732-b5dd-bced6c71fc8a,2025-09-26,5,26,9,39,0,0,13744,1,4379,1,0,0,6045,3686,7133,4842.98,4874.47,6045,0,0,9365,6763944.95
353b01bd-099b-4732-b5dd-bced6c71fc8a,2025-09-27,6,27,9,39,1,0,10389,1,0,0,0,0,9365,11343.85,10939,5654.26,4948.87,13744,4379,0,10389,6774333.95
353b01bd-099b-4732-b5dd-bced6c71fc8a,2025-09-28,0,28,9,39,1,0,5962,1,7325,1,0,0,10389,1629,6292,5517.86,4930.54,10389,0,0,-1363,6772970.95
353b01bd-099b-4732-b5dd-bced6c71fc8a,2025-09-29,1,29,9,40,0,0,6726,1,0,0,0,0,-1363,6922,7198,5090.43,4675.37,5962,7325,0,6726,6779696.95
353b01bd-099b-4732-b5dd-bced6c71fc8a,2025-09-30,2,30,9,40,0,0,8510,1,5467,1,5185.75,1,6726,-840,-1458.39,5062.43,4659.64,6726,0,0,-2142.75,6777554.2
353b01bd-099b-4732-b5dd-bced6c71fc8a,2025-10-01,3,1,10,40,0,0,10429,1,0,0,6022.46,1,-2142.75,5115,-1712.69,4876.32,4636.83,8510,5467,5185.75,4406.54,6781960.74
353b01bd-099b-4732-b5dd-bced6c71fc8a,2025-10-02,4,2,10,40,0,0,8657,1,5607,1,0,0,4406.54,6045,-686,4775.11,4840.8,10429,0,6022.46,3050,6785010.74
353b01bd-099b-4732-b5dd-bced6c71fc8a,2025-10-03,5,3,10,40,0,0,5953,1,0,0,0,0,3050,9365,4935,4347.26,4965.33,8657,5607,0,5953,6790963.74
353b01bd-099b-4732-b5dd-bced6c71fc8a,2025-10-04,6,4,10,40,1,0,12600,1,7770,1,0,0,5953,10389,194,3859.83,4999.27,5953,0,0,4830,6795793.74
353b01bd-099b-4732-b5dd-bced6c71fc8a,2025-10-05,0,5,10,40,1,0,6238,1,0,0,0,0,4830,-1363,11989,3065.68,5153.8,12600,7770,0,6238,6802031.74
353b01bd-099b-4732-b5dd-bced6c71fc8a,2025-10-06,1,6,10,41,0,0,7484,1,0,0,0,0,6238,6726,12234,4151.54,4962.1,6238,0,0,7484,6809515.74
353b01bd-099b-4732-b5dd-bced6c71fc8a,2025-10-07,2,7,10,41,0,0,7375,1,3953,1,0,0,7484,-2142.75,6121,4259.83,4803.77,7484,0,0,3422,6812937.74
353b01bd-099b-4732-b5dd-bced6c71fc8a,2025-10-08,3,8,10,41,0,0,8761,1,0,0,0,0,3422,4406.54,924,5054.79,4713.8,7375,3953,0,8761,6821698.74
353b01bd-099b-4732-b5dd-bced6c71fc8a,2025-10-09,4,9,10,41,0,0,6606,1,0,0,0,0,8761,3050,4796,5676.86,4975.03,8761,0,0,6606,6828304.74
353b01bd-099b-4732-b5dd-bced6c71fc8a,2025-10-10,5,10,10,41,0,0,5480,1,3769,1,0,0,6606,5953,3078,6184.86,5035.37,6606,0,0,1711,6830015.74
353b01bd-099b-4732-b5dd-bced6c71fc8a,2025-10-11,6,11,10,41,1,0,14281,1,0,0,0,0,1711,4830,6483,5578.86,4989.8,5480,3769,0,14281,6844296.74
353b01bd-099b-4732-b5dd-bced6c71fc8a,2025-10-12,0,12,10,41,1,0,4007,1,0,0,0,0,14281,6238,9971,6929,5249.73,14281,0,0,4007,6848303.74
353b01bd-099b-4732-b5dd-bced6c71fc8a,2025-10-13,1,13,10,42,0,0,6634,1,0,0,0,0,4007,7484,6202,6610.29,5050.93,4007,0,0,6634,6854937.74
353b01bd-099b-4732-b5dd-bced6c71fc8a,2025-10-14,2,14,10,42,0,0,4381,1,0,0,0,0,6634,3422,4872,6488.86,5065.33,6634,0,0,4381,6859318.74
353b01bd-099b-4732-b5dd-bced6c71fc8a,2025-10-15,3,15,10,42,0,0,5088,1,5479,1,5203.99,1,4381,8761,-3949.66,6625.86,5048.97,4381,0,0,-5594.99,6853723.75
353b01bd-099b-4732-b5dd-bced6c71fc8a,2025-10-16,4,16,10,42,0,0,7212,1,0,0,0,0,-5594.99,6606,4834,4575,4994.12,5088,5479,5203.99,7212,6860935.75
353b01bd-099b-4732-b5dd-bced6c71fc8a,2025-10-17,5,17,10,42,0,0,10099,1,0,0,0,0,7212,1711,4471,4661.57,5073.39,7212,0,0,10099,6871034.75
353b01bd-099b-4732-b5dd-bced6c71fc8a,2025-10-18,6,18,10,42,1,0,8518,1,3541,1,0,0,10099,14281,7474,5859.86,5260.99,10099,0,0,4977,6876011.75
353b01bd-099b-4732-b5dd-bced6c71fc8a,2025-10-19,0,19,10,42,1,0,2956,1,0,0,0,0,4977,4007,3686,4530.72,5177.76,8518,3541,0,2956,6878967.75
353b01bd-099b-4732-b5dd-bced6c71fc8a,2025-10-20,1,20,10,43,0,0,4026,1,6767,1,1060.17,1,2956,6634,11343.85,4380.57,5153.42,2956,0,0,-3801.17,6875166.58
353b01bd-099b-4732-b5dd-bced6c71fc8a,2025-10-21,2,21,10,43,0,0,8526,1,0,0,0,0,-3801.17,4381,1629,2889.83,4648.59,4026,6767,1060.17,8526,6883692.58
353b01bd-099b-4732-b5dd-bced6c71fc8a,2025-10-22,3,22,10,43,0,0,3508,1,0,0,0,0,8526,-5594.99,6922,3481.98,4878.49,8526,0,0,3508,6887200.58
353b01bd-099b-4732-b5dd-bced6c71fc8a,2025-10-23,4,23,10,43,0,0,4477,1,0,0,0,0,3508,7212,-840,4782.4,4764.69,3508,0,0,4477,6891677.58
353b01bd-099b-4732-b5dd-bced6c71fc8a,2025-10-24,5,24,10,43,0,0,5510,1,0,0,0,0,4477,10099,5115,4391.69,4941.92,4477,0,0,5510,6897187.58
353b01bd-099b-4732-b5dd-bced6c71fc8a,2025-10-25,6,25,10,43,1,0,9465,1,7599,1,0,0,5510,4977,6045,3736.12,4955.09,5510,0,0,1866,6899053.58
353b01bd-099b-4732-b5dd-bced6c71fc8a,2025-10-26,0,26,10,43,1,0,6910,1,0,0,0,0,1866,2956,9365,3291.69,4815.79,9465,7599,0,6910,6905963.58
353b01bd-099b-4732-b5dd-bced6c71fc8a,2025-10-27,1,27,10,44,0,0,5274,1,5534,1,0,0,6910,-3801.17,10389,3856.55,4733.95,6910,0,0,-260,6905703.58
353b01bd-099b-4732-b5dd-bced6c71fc8a,2025-10-28,2,28,10,44,0,0,4968,1,0,0,0,0,-260,8526,-1363,4362.43,4378.99,5274,5534,0,4968,6910671.58
353b01bd-099b-4732-b5dd-bced6c71fc8a,2025-10-29,3,29,10,44,0,0,8906,1,0,0,0,0,4968,3508,6726,3854.14,4590.02,4968,0,0,8906,6919577.58
353b01bd-099b-4732-b5dd-bced6c71fc8a,2025-10-30,4,30,10,44,0,0,8830,1,4037,1,0,0,8906,4477,-2142.75,4625.29,4662.69,8906,0,0,4793,6924370.58
353b01bd-099b-4732-b5dd-bced6c71fc8a,2025-10-31,5,31,10,44,0,0,9710,1,0,0,5313.67,1,4793,5510,4406.54,4670.43,4893.88,8830,4037,0,4396.33,6928766.91
353b01bd-099b-4732-b5dd-bced6c71fc8a,2025-11-01,6,1,11,44,1,0,9253,1,0,0,5951.24,1,4396.33,1866,3050,4511.33,4893.54,9710,0,5313.67,3301.76,6932068.67
353b01bd-099b-4732-b5dd-bced6c71fc8a,2025-11-02,0,2,11,44,1,1,9627,1,0,0,0,0,3301.76,6910,5953,4716.44,4901.93,9253,0,5951.24,9627,6941695.67
353b01bd-099b-4732-b5dd-bced6c71fc8a,2025-11-03,1,3,11,45,0,0,3573,1,0,0,0,0,9627,-260,4830,5104.58,5024.4,9627,0,0,3573,6945268.67
353b01bd-099b-4732-b5dd-bced6c71fc8a,2025-11-04,2,4,11,45,0,0,3983,1,6306,1,0,0,3573,4968,6238,5652.16,4982.5,3573,0,0,-2323,6942945.67
353b01bd-099b-4732-b5dd-bced6c71fc8a,2025-11-05,3,5,11,45,0,0,5074,1,0,0,0,0,-2323,8906,7484,4610.58,4697.13,3983,6306,0,5074,6948019.67
353b01bd-099b-4732-b5dd-bced6c71fc8a,2025-11-06,4,6,11,45,0,0,5313,1,0,0,0,0,5074,4793,3422,4063.16,4616.8,5074,0,0,5313,6953332.67
353b01bd-099b-4732-b5dd-bced6c71fc8a,2025-11-07,5,7,11,45,0,0,12166,1,4576,1,0,0,5313,4396.33,8761,4137.44,4679.83,5313,0,0,7590,6960922.67
353b01bd-099b-4732-b5dd-bced6c71fc8a,2025-11-08,6,8,11,45,1,0,7342,1,0,0,0,0,7590,3301.76,6606,4593.68,4640.8,12166,4576,0,7342,6968264.67
353b01bd-099b-4732-b5dd-bced6c71fc8a,2025-11-09,0,9,11,45,1,0,8085,1,7605,1,0,0,7342,9627,1711,5170.86,4665.33,7342,0,0,480,6968744.67
353b01bd-099b-4732-b5dd-bced6c71fc8a,2025-11-10,1,10,11,46,0,0,7394,1,0,0,0,0,480,3573,14281,3864.14,4624.3,8085,7605,0,7394,6976138.67
353b01bd-099b-4732-b5dd-bced6c71fc8a,2025-11-11,2,11,11,46,0,0,7655,1,0,0,0,0,7394,-2323,4007,4410,4394.73,7394,0,0,7655,6983793.67
353b01bd-099b-4732-b5dd-bced6c71fc8a,2025-11-12,3,12,11,46,0,0,6927,1,0,0,0,0,7655,5074,6634,5835.43,4516.33,7655,0,0,6927,6990720.67
353b01bd-099b-4732-b5dd-bced6c71fc8a,2025-11-13,4,13,11,46,0,0,10781,1,0,0,0,0,6927,5313,4381,6100.14,4526.1,6927,0,0,10781,7001501.67
353b01bd-099b-4732-b5dd-bced6c71fc8a,2025-11-14,5,14,11,46,0,0,9694,1,7067,1,0,0,10781,7590,-5594.99,6881.29,4739.43,10781,0,0,2627,7004128.67
353b01bd-099b-4732-b5dd-bced6c71fc8a,2025-11-15,6,15,11,46,1,0,13454,1,0,0,5208.13,1,2627,7342,7212,6172.29,5013.5,9694,7067,0,8245.87,7012374.54
353b01bd-099b-4732-b5dd-bced6c71fc8a,2025-11-16,0,16,11,46,1,0,5911,1,0,0,0,0,8245.87,480,10099,6301.41,5047.96,13454,0,5208.13,5911,7018285.54
353b01bd-099b-4732-b5dd-bced6c71fc8a,2025-11-17,1,17,11,47,0,0,7686,1,6263,1,0,0,5911,7394,4977,7077.27,4908.36,5911,0,0,1423,7019708.54
353b01bd-099b-4732-b5dd-bced6c71fc8a,2025-11-18,2,18,11,47,0,0,9605,1,0,0,0,0,1423,7655,2956,6224.27,4789.89,7686,6263,0,9605,7029313.54
353b01bd-099b-4732-b5dd-bced6c71fc8a,2025-11-19,3,19,11,47,0,0,9409,1,0,0,0,0,9605,6927,-3801.17,6502.84,5011.53,9605,0,0,9409,7038722.54
353b01bd-099b-4732-b5dd-bced6c71fc8a,2025-11-20,4,20,11,47,0,1,8719,1,7533,1,1060.31,1,9409,10781,8526,6857.41,5451.87,9409,0,0,125.69,7038848.23
353b01bd-099b-4732-b5dd-bced6c71fc8a,2025-11-21,5,21,11,47,0,0,6024,1,0,0,0,0,125.69,2627,3508,5335.22,5171.85,8719,7533,1060.31,6024,7044872.23
353b01bd-099b-4732-b5dd-bced6c71fc8a,2025-11-22,6,22,11,47,1,0,4608,1,0,0,0,0,6024,8245.87,4477,5820.51,5255.72,6024,0,0,4608,7049480.23
353b01bd-099b-4732-b5dd-bced6c71fc8a,2025-11-23,0,23,11,47,1,0,2949,1,0,0,0,0,4608,5911,5510,5300.81,5260.09,4608,0,0,2949,7052429.23
353b01bd-099b-4732-b5dd-bced6c71fc8a,2025-11-24,1,24,11,48,0,0,5278,1,0,0,0,0,2949,1423,1866,4877.67,5174.72,2949,0,0,5278,7057707.23
353b01bd-099b-4732-b5dd-bced6c71fc8a,2025-11-25,2,25,11,48,0,0,3788,1,4044,1,0,0,5278,9605,6910,5428.38,5288.46,5278,0,0,-256,7057451.23
353b01bd-099b-4732-b5dd-bced6c71fc8a,2025-11-26,3,26,11,48,0,0,9223,1,0,0,0,0,-256,9409,-260,4019.67,5049.59,3788,4044,0,9223,7066674.23
353b01bd-099b-4732-b5dd-bced6c71fc8a,2025-11-27,4,27,11,48,0,0,7334,1,0,0,0,0,9223,125.69,4968,3993.1,5365.69,9223,0,0,7334,7074008.23
353b01bd-099b-4732-b5dd-bced6c71fc8a,2025-11-28,5,28,11,48,0,0,10863,1,4936,1,0,0,7334,6024,8906,5022.86,5444.55,7334,0,0,5927,7079935.23
353b01bd-099b-4732-b5dd-bced6c71fc8a,2025-11-29,6,29,11,48,1,0,12974,1,0,0,0,0,5927,4608,4793,5009,5345.26,10863,4936,0,12974,7092909.23
353b01bd-099b-4732-b5dd-bced6c71fc8a,2025-11-30,0,30,11,48,1,0,5824,1,0,0,6164.56,1,12974,2949,4396.33,6204.14,5617.96,12974,0,0,-340.56,7092568.67
353b01bd-099b-4732-b5dd-bced6c71fc8a,2025-12-01,1,1,12,49,0,0,7790,1,6120,1,5948.42,1,-340.56,5278,3301.76,5734.21,5460.06,5824,0,6164.56,-4278.42,7088290.25
353b01bd-099b-4732-b5dd-bced6c71fc8a,2025-12-02,2,2,12,49,0,0,5690,1,0,0,0,0,-4278.42,-256,9627,4369,5207.39,7790,6120,5948.42,5690,7093980.25
353b01bd-099b-4732-b5dd-bced6c71fc8a,2025-12-03,3,3,12,49,0,0,8305,1,3488,1,0,0,5690,9223,3573,5218.43,5076.15,5690,0,0,4817,7098797.25
353b01bd-099b-4732-b5dd-bced6c71fc8a,2025-12-04,4,4,12,49,0,0,10378,1,0,0,0,0,4817,7334,-2323,4589,5117.62,8305,3488,0,10378,7109175.25
353b01bd-099b-4732-b5dd-bced6c71fc8a,2025-12-05,5,5,12,49,0,0,11125,1,0,0,0,0,10378,5927,5074,5023.86,5540.99,10378,0,0,11125,7120300.25
353b01bd-099b-4732-b5dd-bced6c71fc8a,2025-12-06,6,6,12,49,1,0,10667,1,0,0,0,0,11125,12974,5313,5766.43,5742.69,11125,0,0,10667,7130967.25
353b01bd-099b-4732-b5dd-bced6c71fc8a,2025-12-07,0,7,12,49,1,0,5879,1,0,0,0,0,10667,-340.56,7590,5436.86,5921.15,10667,0,0,5879,7136846.25
353b01bd-099b-4732-b5dd-bced6c71fc8a,2025-12-08,1,8,12,50,0,0,4260,1,4332,1,0,0,5879,-4278.42,7342,6325.37,5864.12,5879,0,0,-72,7136774.25
353b01bd-099b-4732-b5dd-bced6c71fc8a,2025-12-09,2,9,12,50,0,0,4195,1,0,0,0,0,-72,5690,480,6926.29,5616.99,4260,4332,0,4195,7140969.25
353b01bd-099b-4732-b5dd-bced6c71fc8a,2025-12-10,3,10,12,50,0,0,6876,1,5746,1,0,0,4195,4817,7394,6712.71,5740.82,4195,0,0,1130,7142099.25
353b01bd-099b-4732-b5dd-bced6c71fc8a,2025-12-11,4,11,12,50,0,0,9630,1,0,0,0,0,1130,10378,7655,6186,5532.02,6876,5746,0,9630,7151729.25
353b01bd-099b-4732-b5dd-bced6c71fc8a,2025-12-12,5,12,12,50,0,0,6118,1,7086,1,0,0,9630,11125,6927,6079.14,5597.85,9630,0,0,-968,7150761.25
353b01bd-099b-4732-b5dd-bced6c71fc8a,2025-12-13,6,13,12,50,1,0,5810,1,0,0,0,0,-968,10667,10781,4351.57,5334.69,6118,7086,0,5810,7156571.25
353b01bd-099b-4732-b5dd-bced6c71fc8a,2025-12-14,0,14,12,50,1,0,6400,1,0,0,0,0,5810,5879,2627,3657.71,5168.99,5810,0,0,6400,7162971.25
353b01bd-099b-4732-b5dd-bced6c71fc8a,2025-12-15,1,15,12,51,0,0,6523,1,5526,1,6581.74,1,6400,-72,8245.87,3732.14,5294.75,6400,0,0,-5584.74,7157386.51
353b01bd-099b-4732-b5dd-bced6c71fc8a,2025-12-16,2,16,12,51,0,0,8319,1,0,0,0,0,-5584.74,4195,5911,2944.61,4833.73,6523,5526,6581.74,8319,7165705.51
353b01bd-099b-4732-b5dd-bced6c71fc8a,2025-12-17,3,17,12,51,0,0,7333,1,0,0,0,0,8319,1130,1423,3533.75,4914,8319,0,0,7333,7173038.51
353b01bd-099b-4732-b5dd-bced6c71fc8a,2025-12-18,4,18,12,51,0,0,5135,1,0,0,0,0,7333,9630,9605,4419.89,5111,7333,0,0,5135,7178173.51
353b01bd-099b-4732-b5dd-bced6c71fc8a,2025-12-19,5,19,12,51,0,0,9163,1,0,0,0,0,5135,-968,9409,3777.75,4962,5135,0,0,9163,7187336.51
353b01bd-099b-4732-b5dd-bced6c71fc8a,2025-12-20,6,20,12,51,1,0,11249,1,3610,1,1014.75,1,9163,5810,125.69,5225.04,4953.8,9163,0,0,6624.25,7193960.76
353b01bd-099b-4732-b5dd-bced6c71fc8a,2025-12-21,0,21,12,51,1,0,3141,1,0,0,0,0,6624.25,6400,6024,5341.36,5170.42,11249,3610,1014.75,3141,7197101.76
353b01bd-099b-4732-b5dd-bced6c71fc8a,2025-12-22,1,22,12,52,0,0,6763,1,0,0,0,0,3141,-5584.74,4608,4875.79,5074.32,3141,0,0,6763,7203864.76
353b01bd-099b-4732-b5dd-bced6c71fc8a,2025-12-23,2,23,12,52,0,0,8417,1,0,0,0,0,6763,8319,2949,6639.75,5146.15,6763,0,0,8417,7212281.76
353b01bd-099b-4732-b5dd-bced6c71fc8a,2025-12-24,3,24,12,52,0,0,10184,1,0,0,0,0,8417,7333,5278,6653.75,5328.42,8417,0,0,10184,7222465.76
353b01bd-099b-4732-b5dd-bced6c71fc8a,2025-12-25,4,25,12,52,0,1,2180,1,0,0,0,0,10184,5135,-256,7061.04,5491.95,10184,0,0,2180,7224645.76
353b01bd-099b-4732-b5dd-bced6c71fc8a,2025-12-26,5,26,12,52,0,0,10793,1,3657,1,0,0,2180,9163,9223,6638.89,5573.15,2180,0,0,7136,7231781.76
353b01bd-099b-4732-b5dd-bced6c71fc8a,2025-12-27,6,27,12,52,1,0,12729,1,0,0,0,0,7136,6624.25,7334,6349.32,5503.58,10793,3657,0,12729,7244510.76
353b01bd-099b-4732-b5dd-bced6c71fc8a,2025-12-28,0,28,12,52,1,0,6475,1,0,0,0,0,12729,3141,5927,7221.43,5683.42,12729,0,0,6475,7250985.76
353b01bd-099b-4732-b5dd-bced6c71fc8a,2025-12-29,1,29,12,1,0,0,4879,1,6382,1,0,0,6475,6763,12974,7697.71,5701.68,6475,0,0,-1503,7249482.76
353b01bd-099b-4732-b5dd-bced6c71fc8a,2025-12-30,2,30,12,1,0,0,7469,1,0,0,0,0,-1503,8417,-340.56,6516.86,5219.12,4879,6382,0,7469,7256951.76
353b01bd-099b-4732-b5dd-bced6c71fc8a,2025-12-31,3,31,12,1,0,0,5175,1,3846,1,5699.04,1,7469,10184,-4278.42,6381.43,5479.44,7469,0,0,-4370.04,7252581.72
353b01bd-099b-4732-b5dd-bced6c71fc8a,2026-01-01,4,1,1,1,0,1,3133,1,0,0,6123.5,1,-4370.04,2180,5690,4302.28,5476.38,5175,3846,5699.04,-2990.5,7249591.22
353b01bd-099b-4732-b5dd-bced6c71fc8a,2026-01-02,5,2,1,1,0,0,5001,1,0,0,0,0,-2990.5,7136,4817,3563.64,5187.03,3133,0,6123.5,5001,7254592.22
353b01bd-099b-4732-b5dd-bced6c71fc8a,2026-01-03,6,3,1,1,1,0,5678,1,6734,1,0,0,5001,12729,10378,3258.64,5193.17,5001,0,0,-1056,7253536.22
353b01bd-099b-4732-b5dd-bced6c71fc8a,2026-01-04,0,4,1,1,1,0,5679,1,0,0,0,0,-1056,6475,11125,1289.35,4812.03,5678,6734,0,5679,7259215.22
353b01bd-099b-4732-b5dd-bced6c71fc8a,2026-01-05,1,5,1,2,0,0,6738,1,0,0,0,0,5679,-1503,10667,1175.64,4630.5,5679,0,0,6738,7265953.22
353b01bd-099b-4732-b5dd-bced6c71fc8a,2026-01-06,2,6,1,2,0,0,6412,1,3864,1,0,0,6738,7469,5879,2352.92,4499.53,6738,0,0,2548,7268501.22
353b01bd-099b-4732-b5dd-bced6c71fc8a,2026-01-07,3,7,1,2,0,0,4039,1,0,0,0,0,2548,-4370.04,-72,1649.92,4388.5,6412,3864,0,4039,7272540.22
353b01bd-099b-4732-b5dd-bced6c71fc8a,2026-01-08,4,8,1,2,0,0,6162,1,3174,1,0,0,4039,-2990.5,4195,2851.21,4525.53,4039,0,0,2988,7275528.22
353b01bd-099b-4732-b5dd-bced6c71fc8a,2026-01-09,5,9,1,2,0,0,12041,1,0,0,0,0,2988,5001,1130,3705.29,4485.3,6162,3174,0,12041,7287569.22
353b01bd-099b-4732-b5dd-bced6c71fc8a,2026-01-10,6,10,1,2,1,0,11126,1,3270,1,0,0,12041,-1056,9630,4711,4849,12041,0,0,7856,7295425.22
353b01bd-099b-4732-b5dd-bced6c71fc8a,2026-01-11,0,11,1,2,1,0,3258,1,0,0,0,0,7856,5679,-968,5984.14,4789.87,11126,3270,0,3258,7298683.22
353b01bd-099b-4732-b5dd-bced6c71fc8a,2026-01-12,1,12,1,3,0,0,4461,1,4354,1,0,0,3258,6738,5810,5638.29,4930.73,3258,0,0,107,7298790.22
353b01bd-099b-4732-b5dd-bced6c71fc8a,2026-01-13,2,13,1,3,0,0,9533,1,0,0,0,0,107,2548,6400,4691,4740.63,4461,4354,0,9533,7308323.22
353b01bd-099b-4732-b5dd-bced6c71fc8a,2026-01-14,3,14,1,3,0,0,7963,1,5861,1,0,0,9533,4039,-5584.74,5688.86,4845.07,9533,0,0,2102,7310425.22
353b01bd-099b-4732-b5dd-bced6c71fc8a,2026-01-15,4,15,1,3,0,0,4169,1,0,0,5997.71,1,2102,2988,8319,5412.14,5101.29,7963,5861,0,-1828.71,7308596.51
353b01bd-099b-4732-b5dd-bced6c71fc8a,2026-01-16,5,16,1,3,0,0,8988,1,6431,1,0,0,-1828.71,12041,7333,4724.04,4763.03,4169,0,5997.71,2557,7311153.51
353b01bd-099b-4732-b5dd-bced6c71fc8a,2026-01-17,6,17,1,3,1,0,8103,1,0,0,0,0,2557,7856,5135,3369.18,4603.83,8988,6431,0,8103,7319256.51
353b01bd-099b-4732-b5dd-bced6c71fc8a,2026-01-18,0,18,1,3,1,0,8040,1,0,0,0,0,8103,3258,9163,3404.47,4702.77,8103,0,0,8040,7327296.51
353b01bd-099b-4732-b5dd-bced6c71fc8a,2026-01-19,1,19,1,4,0,0,3539,1,0,0,0,0,8040,107,6624.25,4087.61,4665.33,8040,0,0,3539,7330835.51
353b01bd-099b-4732-b5dd-bced6c71fc8a,2026-01-20,2,20,1,4,0,0,8320,1,0,0,920.2,1,3539,9533,3141,4577.9,4562.49,3539,0,0,7399.8,7338235.31
353b01bd-099b-4732-b5dd-bced6c71fc8a,2026-01-21,3,21,1,4,0,0,8946,1,6283,1,0,0,7399.8,2102,6763,4273.16,4704.45,8320,0,920.2,2663,7340898.31
353b01bd-099b-4732-b5dd-bced6c71fc8a,2026-01-22,4,22,1,4,0,0,9196,1,0,0,0,0,2663,-1828.71,8417,4353.3,4567.79,8946,6283,0,9196,7350094.31
353b01bd-099b-4732-b5dd-bced6c71fc8a,2026-01-23,5,23,1,4,0,0,4736,1,0,0,0,0,9196,2557,10184,5928.26,4593.75,9196,0,0,4736,7354830.31
353b01bd-099b-4732-b5dd-bced6c71fc8a,2026-01-24,6,24,1,4,1,0,9069,1,0,0,0,0,4736,8103,2180,6239.54,4412.15,4736,0,0,9069,7363899.31
353b01bd-099b-4732-b5dd-bced6c71fc8a,2026-01-25,0,25,1,4,1,0,5996,1,5039,1,0,0,9069,8040,7136,6377.54,4641.79,9069,0,0,957,7364856.31
353b01bd-099b-4732-b5dd-bced6c71fc8a,2026-01-26,1,26,1,5,0,0,4436,1,0,0,0,0,957,3539,12729,5365.69,4435.82,5996,5039,0,4436,7369292.31
353b01bd-099b-4732-b5dd-bced6c71fc8a,2026-01-27,2,27,1,5,0,0,9772,1,7017,1,0,0,4436,7399.8,6475,5493.83,4159.39,4436,0,0,2755,7372047.31
353b01bd-099b-4732-b5dd-bced6c71fc8a,2026-01-28,3,28,1,5,0,0,10445,1,0,0,0,0,2755,2663,-1503,4830.29,4035.39,9772,7017,0,10445,7382492.31
353b01bd-099b-4732-b5dd-bced6c71fc8a,2026-01-29,4,29,1,5,0,0,8238,1,0,0,0,0,10445,9196,7469,5942,4433.65,10445,0,0,8238,7390730.31
353b01bd-099b-4732-b5dd-bced6c71fc8a,2026-01-30,5,30,1,5,0,0,10821,1,6080,1,0,0,8238,4736,-4370.04,5805.14,4459.29,8238,0,0,4741,7395471.31
353b01bd-099b-4732-b5dd-bced6c71fc8a,2026-01-31,6,31,1,5,1,0,6514,1,0,0,6535.21,1,4741,9069,-2990.5,5805.86,4762.99,10821,6080,0,-21.21,7395450.1
353b01bd-099b-4732-b5dd-bced6c71fc8a,2026-02-01,0,1,2,5,1,0,5751,1,5451,1,6055.5,1,-21.21,957,5001,4507.26,4861.96,6514,0,6535.21,-5755.5,7389694.6
353b01bd-099b-4732-b5dd-bced6c71fc8a,2026-02-02,1,2,2,6,0,0,3679,1,0,0,0,0,-5755.5,4436,-1056,3548.33,4503.41,5751,5451,6055.5,3679,7393373.6
353b01bd-099b-4732-b5dd-bced6c71fc8a,2026-02-03,2,3,2,6,0,0,6520,1,6198,1,0,0,3679,2755,5679,3440.18,4661.25,3679,0,0,322,7393695.6
353b01bd-099b-4732-b5dd-bced6c71fc8a,2026-02-04,3,4,2,6,0,0,3335,1,0,0,0,0,322,10445,6738,3092.61,4482.68,6520,6198,0,3335,7397030.6
353b01bd-099b-4732-b5dd-bced6c71fc8a,2026-02-05,4,5,2,6,0,1,8855,1,6906,1,0,0,3335,8238,2548,2076.9,4369.25,3335,0,0,1949,7398979.6
353b01bd-099b-4732-b5dd-bced6c71fc8a,2026-02-06,5,6,2,6,0,0,5222,1,0,0,0,0,1949,4741,4039,1178.47,4349.28,8855,6906,0,5222,7404201.6
353b01bd-099b-4732-b5dd-bced6c71fc8a,2026-02-07,6,7,2,6,1,0,13413,1,4455,1,0,0,5222,-21.21,2988,1247.18,4388.71,5222,0,0,8958,7413159.6
353b01bd-099b-4732-b5dd-bced6c71fc8a,2026-02-08,0,8,2,6,1,0,7334,1,0,0,0,0,8958,-5755.5,12041,2529.93,4587.71,13413,4455,0,7334,7420493.6
353b01bd-099b-4732-b5dd-bced6c71fc8a,2026-02-09,1,9,2,7,0,0,7067,1,5041,1,0,0,7334,3679,7856,4399.86,4430.81,7334,0,0,2026,7422519.6
353b01bd-099b-4732-b5dd-bced6c71fc8a,2026-02-10,2,10,2,7,0,0,4867,1,0,0,0,0,2026,322,3258,4163.71,4236.48,7067,5041,0,4867,7427386.6
353b01bd-099b-4732-b5dd-bced6c71fc8a,2026-02-11,3,11,2,7,0,0,10229,1,5253,1,0,0,4867,3335,107,4813,4290.11,4867,0,0,4976,7432362.6
353b01bd-099b-4732-b5dd-bced6c71fc8a,2026-02-12,4,12,2,7,0,0,5166,1,0,0,0,0,4976,1949,9533,5047.43,4452.41,10229,5253,0,5166,7437528.6
353b01bd-099b-4732-b5dd-bced6c71fc8a,2026-02-13,5,13,2,7,0,0,5792,1,7681,1,0,0,5166,5222,2102,5507,4306.85,5166,0,0,-1889,7435639.6
353b01bd-099b-4732-b5dd-bced6c71fc8a,2026-02-14,6,14,2,7,1,0,8645,1,0,0,0,0,-1889,8958,-1828.71,4491.14,4173.81,5792,7681,0,8645,7444284.6
353b01bd-099b-4732-b5dd-bced6c71fc8a,2026-02-15,0,15,2,7,1,0,6671,1,5388,1,4671.01,1,8645,7334,2557,4446.43,4522.94,8645,0,0,-3388.01,7440896.59
353b01bd-099b-4732-b5dd-bced6c71fc8a,2026-02-16,1,16,2,8,0,0,6661,1,0,0,0,0,-3388.01,2026,8103,2914.71,4324.77,6671,5388,4671.01,6661,7447557.59
353b01bd-099b-4732-b5dd-bced6c71fc8a,2026-02-17,2,17,2,8,0,0,7294,1,7259,1,0,0,6661,4867,8040,3576.86,4276.7,6661,0,0,35,7447592.59
353b01bd-099b-4732-b5dd-bced6c71fc8a,2026-02-18,3,18,2,8,0,0,6603,1,0,0,0,0,35,4976,3539,2886.57,4009.87,7294,7259,0,6603,7454195.59
353b01bd-099b-4732-b5dd-bced6c71fc8a,2026-02-19,4,19,2,8,0,0,6521,1,3836,1,0,0,6603,5166,7399.8,3119,4112,6603,0,0,2685,7456880.59
353b01bd-099b-4732-b5dd-bced6c71fc8a,2026-02-20,5,20,2,8,0,0,5398,1,0,0,1432.19,1,2685,-1889,2663,2764.57,3954.84,6521,3836,0,3965.81,7460846.4
353b01bd-099b-4732-b5dd-bced6c71fc8a,2026-02-21,6,21,2,8,1,0,8537,1,0,0,0,0,3965.81,8645,9196,3600.97,3998.27,5398,0,1432.19,8537,7469383.4
353b01bd-099b-4732-b5dd-bced6c71fc8a,2026-02-22,0,22,2,8,1,0,5638,1,0,0,0,0,8537,-3388.01,4736,3585.54,3976.3,8537,0,0,5638,7475021.4
353b01bd-099b-4732-b5dd-bced6c71fc8a,2026-02-23,1,23,2,9,0,0,7867,1,0,0,0,0,5638,6661,9069,4874.97,4006.37,5638,0,0,7867,7482888.4
353b01bd-099b-4732-b5dd-bced6c71fc8a,2026-02-24,2,24,2,9,0,0,6509,1,6723,1,0,0,7867,35,957,5047.26,3966.3,7867,0,0,-214,7482674.4
353b01bd-099b-4732-b5dd-bced6c71fc8a,2026-02-25,3,25,2,9,0,0,10161,1,0,0,0,0,-214,6603,4436,5011.69,3927.27,6509,6723,0,10161,7492835.4
353b01bd-099b-4732-b5dd-bced6c71fc8a,2026-02-26,4,26,2,9,0,0,5970,1,0,0,0,0,10161,2685,2755,5519.97,4118.1,10161,0,0,5970,7498805.4
353b01bd-099b-4732-b5dd-bced6c71fc8a,2026-02-27,5,27,2,9,0,0,11233,1,7419,1,0,0,5970,3965.81,10445,5989.26,4225.27,5970,0,0,3814,7502619.4
353b01bd-099b-4732-b5dd-bced6c71fc8a,2026-02-28,6,28,2,9,1,0,11250,1,0,0,4094.96,1,3814,8537,8238,5967.57,4004.24,11233,7419,0,7155.04,7509774.44
353b01bd-099b-4732-b5dd-bced6c71fc8a,2026-03-01,0,1,3,9,1,0,6410,1,7083,1,5836.73,1,7155.04,5638,4741,5770.15,3968.14,11250,0,4094.96,-6509.73,7503264.71
353b01bd-099b-4732-b5dd-bced6c71fc8a,2026-03-02,1,2,3,10,0,0,7346,1,0,0,0,0,-6509.73,7867,-21.21,4034.76,3593.11,6410,7083,5836.73,7346,7510610.71
353b01bd-099b-4732-b5dd-bced6c71fc8a,2026-03-03,2,3,3,10,0,0,3604,1,0,0,0,0,7346,-214,-5755.5,3960.33,3838.69,7346,0,0,3604,7514214.71
353b01bd-099b-4732-b5dd-bced6c71fc8a,2026-03-04,3,4,3,10,0,0,8094,1,0,0,0,0,3604,10161,3679,4505.76,4150.67,3604,0,0,8094,7522308.71
353b01bd-099b-4732-b5dd-bced6c71fc8a,2026-03-05,4,5,3,10,0,0,4025,1,0,0,0,0,8094,5970,322,4210.47,4297.84,8094,0,0,4025,7526333.71
353b01bd-099b-4732-b5dd-bced6c71fc8a,2026-03-06,5,6,3,10,0,0,5833,1,6269,1,0,0,4025,3814,3335,3932.62,4421.27,4025,0,0,-436,7525897.71
353b01bd-099b-4732-b5dd-bced6c71fc8a,2026-03-07,6,7,3,10,1,0,11109,1,0,0,0,0,-436,7155.04,1949,3325.47,4295.57,5833,6269,0,11109,7537006.71
353b01bd-099b-4732-b5dd-bced6c71fc8a,2026-03-08,0,8,3,10,1,0,3112,1,0,0,0,0,11109,-6509.73,5222,3890.32,4600.9,11109,0,0,3112,7540118.71
353b01bd-099b-4732-b5dd-bced6c71fc8a,2026-03-09,1,9,3,11,0,0,8712,1,6689,1,0,0,3112,7346,8958,5264.86,4530.57,3112,0,0,2023,7542141.71
353b01bd-099b-4732-b5dd-bced6c71fc8a,2026-03-10,2,10,3,11,0,0,5530,1,0,0,0,0,2023,3604,7334,4504.43,4299.4,8712,6689,0,5530,7547671.71
353b01bd-099b-4732-b5dd-bced6c71fc8a,2026-03-11,3,11,3,11,0,0,9011,1,0,0,0,0,5530,8094,2026,4779.57,4239.27,5530,0,0,9011,7556682.71
353b01bd-099b-4732-b5dd-bced6c71fc8a,2026-03-12,4,12,3,11,0,0,4484,1,0,0,0,0,9011,4025,4867,4910.57,4472.1,9011,0,0,4484,7561166.71
353b01bd-099b-4732-b5dd-bced6c71fc8a,2026-03-13,5,13,3,11,0,0,6306,1,5184,1,0,0,4484,-436,4976,4976.14,4459.34,4484,0,0,1122,7562288.71
353b01bd-099b-4732-b5dd-bced6c71fc8a,2026-03-14,6,14,3,11,1,0,8744,1,0,0,0,0,1122,11109,5166,5198.71,4330.87,6306,5184,0,8744,7571032.71
353b01bd-099b-4732-b5dd-bced6c71fc8a,2026-03-15,0,15,3,11,1,0,3057,1,7792,1,6625.61,1,8744,3112,-1889,4860.86,4450.14,8744,0,0,-11360.61,7559672.1
353b01bd-099b-4732-b5dd-bced6c71fc8a,2026-03-16,1,16,3,12,0,0,5466,1,0,0,0,0,-11360.61,2023,8645,2793.34,4134.42,3057,7792,6625.61,5466,7565138.1
353b01bd-099b-4732-b5dd-bced6c71fc8a,2026-03-17,2,17,3,12,0,0,6314,1,3862,1,0,0,5466,5530,-3388.01,3285.2,4028.45,5466,0,0,2452,7567590.1
353b01bd-099b-4732-b5dd-bced6c71fc8a,2026-03-18,3,18,3,12,0,0,5420,1,0,0,0,0,2452,9011,6661,2845.48,4223.12,6314,3862,0,5420,7573010.1
353b01bd-099b-4732-b5dd-bced6c71fc8a,2026-03-19,4,19,3,12,0,0,6549,1,0,0,0,0,5420,4484,35,2332.48,4181.75,5420,0,0,6549,7579559.1
353b01bd-099b-4732-b5dd-bced6c71fc8a,2026-03-20,5,20,3,12,0,0,12596,1,3702,1,1188.74,1,6549,1122,6603,2627.48,4398.88,6549,0,0,7705.26,7587264.36
353b01bd-099b-4732-b5dd-bced6c71fc8a,2026-03-21,6,21,3,12,1,1,6821,1,0,0,0,0,7705.26,8744,2685,3567.95,4435.63,12596,3702,1188.74,6821,7594085.36
353b01bd-099b-4732-b5dd-bced6c71fc8a,2026-03-22,0,22,3,12,1,0,5881,1,4277,1,0,0,6821,-11360.61,3965.81,3293.24,4573.49,6821,0,0,1604,7595689.36
353b01bd-099b-4732-b5dd-bced6c71fc8a,2026-03-23,1,23,3,13,0,0,3794,1,0,0,0,0,1604,5466,8537,5145.32,4494.77,5881,4277,0,3794,7599483.36
353b01bd-099b-4732-b5dd-bced6c71fc8a,2026-03-24,2,24,3,13,0,0,3603,1,0,0,0,0,3794,2452,5638,4906.47,4336.67,3794,0,0,3603,7603086.36
353b01bd-099b-4732-b5dd-bced6c71fc8a,2026-03-25,3,25,3,13,0,0,7754,1,6175,1,0,0,3603,5420,7867,5070.89,4268.83,3603,0,0,1579,7604665.36
353b01bd-099b-4732-b5dd-bced6c71fc8a,2026-03-26,4,26,3,13,0,0,8667,1,0,0,0,0,1579,6549,-214,4522.18,4059.23,7754,6175,0,8667,7613332.36
353b01bd-099b-4732-b5dd-bced6c71fc8a,2026-03-27,5,27,3,13,0,0,10526,1,0,0,0,0,8667,7705.26,10161,4824.75,4355.27,8667,0,0,10526,7623858.36
353b01bd-099b-4732-b5dd-bced6c71fc8a,2026-03-28,6,28,3,13,1,0,10206,1,4544,1,0,0,10526,6821,5970,5227.71,4367.43,10526,0,0,5662,7629520.36
353b01bd-099b-4732-b5dd-bced6c71fc8a,2026-03-29,0,29,3,13,1,0,7651,1,0,0,0,0,5662,1604,3814,5062.14,4357.17,10206,4544,0,7651,7637171.36
353b01bd-099b-4732-b5dd-bced6c71fc8a,2026-03-30,1,30,3,14,0,0,4190,1,7852,1,0,0,7651,3794,7155.04,5926,4485.07,7651,0,0,-3662,7633509.36
353b01bd-099b-4732-b5dd-bced6c71fc8a,2026-03-31,2,31,3,14,0,0,5894,1,0,0,4455.46,1,-3662,3603,-6509.73,4860.86,4124.5,4190,7852,0,1438.54,7634947.9
353b01bd-099b-4732-b5dd-bced6c71fc8a,2026-04-01,3,1,4,14,0,0,9623,1,0,0,5942.81,1,1438.54,1579,7346,4551.65,4389.44,5894,0,4455.46,3680.19,7638628.09
353b01bd-099b-4732-b5dd-bced6c71fc8a,2026-04-02,4,2,4,14,0,0,8500,1,5801,1,0,0,3680.19,8667,3604,4851.82,4267.25,9623,0,5942.81,2699,7641327.09
353b01bd-099b-4732-b5dd-bced6c71fc8a,2026-04-03,5,3,4,14,0,0,11660,1,0,0,0,0,2699,10526,8094,3999.25,4237.08,8500,5801,0,11660,7652987.09
353b01bd-099b-4732-b5dd-bced6c71fc8a,2026-04-04,6,4,4,14,1,0,14030,1,5599,1,0,0,11660,5662,4025,4161.25,4355.95,11660,0,0,8431,7661418.09
353b01bd-099b-4732-b5dd-bced6c71fc8a,2026-04-05,0,5,4,14,1,0,3792,1,0,0,0,0,8431,7651,-436,4556.82,4502.81,14030,5599,0,3792,7665210.09
353b01bd-099b-4732-b5dd-bced6c71fc8a,2026-04-06,1,6,4,15,0,0,6465,1,0,0,0,0,3792,-3662,11109,4005.53,4643.75,3792,0,0,6465,7671675.09
353b01bd-099b-4732-b5dd-bced6c71fc8a,2026-04-07,2,7,4,15,0,0,6670,1,3734,1,0,0,6465,1438.54,3112,5452.25,4488.95,6465,0,0,2936,7674611.09
353b01bd-099b-4732-b5dd-bced6c71fc8a,2026-04-08,3,8,4,15,0,0,5190,1,0,0,0,0,2936,3680.19,2023,5666.17,4483.08,6670,3734,0,5190,7679801.09
353b01bd-099b-4732-b5dd-bced6c71fc8a,2026-04-09,4,9,4,15,0,0,5655,1,6736,1,0,0,5190,2699,5530,5881.86,4588.65,5190,0,0,-1081,7678720.09
353b01bd-099b-4732-b5dd-bced6c71fc8a,2026-04-10,5,10,4,15,0,0,9975,1,0,0,0,0,-1081,11660,9011,5341.86,4368.28,5655,6736,0,9975,7688695.09
353b01bd-099b-4732-b5dd-bced6c71fc8a,2026-04-11,6,11,4,15,1,0,10313,1,0,0,0,0,9975,8431,4484,5101.14,4400.41,9975,0,0,10313,7699008.09
353b01bd-099b-4732-b5dd-bced6c71fc8a,2026-04-12,0,12,4,15,1,0,2675,1,3795,1,0,0,10313,3792,1122,5370,4594.71,10313,0,0,-1120,7697888.09
353b01bd-099b-4732-b5dd-bced6c71fc8a,2026-04-13,1,13,4,16,0,0,5616,1,0,0,0,0,-1120,6465,8744,4668.29,4519.98,2675,3795,0,5616,7703504.09
353b01bd-099b-4732-b5dd-bced6c71fc8a,2026-04-14,2,14,4,16,0,0,5932,1,0,0,0,0,5616,2936,-11360.61,4547,4415.71,5616,0,0,5932,7709436.09
353b01bd-099b-4732-b5dd-bced6c71fc8a,2026-04-15,3,15,4,16,0,0,6442,1,7319,1,6100.09,1,5932,5190,5466,4975,4992.13,5932,0,0,-6977.09,7702459
353b01bd-099b-4732-b5dd-bced6c71fc8a,2026-04-16,4,16,4,16,0,0,6016,1,0,0,0,0,-6977.09,-1081,2452,3236.84,4577.36,6442,7319,6100.09,6016,7708475
353b01bd-099b-4732-b5dd-bced6c71fc8a,2026-04-17,5,17,4,16,0,0,12785,1,3804,1,0,0,6016,9975,5420,4250.7,4696.16,6016,0,0,8981,7717456
353b01bd-099b-4732-b5dd-bced6c71fc8a,2026-04-18,6,18,4,16,1,0,5727,1,0,0,0,0,8981,10313,6549,4108.7,4814.86,12785,3804,0,5727,7723183
353b01bd-099b-4732-b5dd-bced6c71fc8a,2026-04-19,0,19,4,16,1,0,4331,1,3752,1,0,0,5727,-1120,7705.26,3453.56,4787.46,5727,0,0,579,7723762
353b01bd-099b-4732-b5dd-bced6c71fc8a,2026-04-20,1,20,4,17,0,0,4849,1,0,0,1433.68,1,579,5616,6821,3696.27,4549.92,4331,3752,0,3415.32,7727177.32
353b01bd-099b-4732-b5dd-bced6c71fc8a,2026-04-21,2,21,4,17,0,0,7248,1,0,0,0,0,3415.32,5932,1604,3381.89,4436.4,4849,0,1433.68,7248,7734425.32
353b01bd-099b-4732-b5dd-bced6c71fc8a,2026-04-22,3,22,4,17,0,0,7660,1,6834,1,0,0,7248,-6977.09,3794,3569.89,4624.53,7248,0,0,826,7735251.32
353b01bd-099b-4732-b5dd-bced6c71fc8a,2026-04-23,4,23,4,17,0,0,6497,1,0,0,0,0,826,6016,3603,4684.62,4525.6,7660,6834,0,6497,7741748.32
353b01bd-099b-4732-b5dd-bced6c71fc8a,2026-04-24,5,24,4,17,0,0,4920,1,6158,1,0,0,6497,8981,1579,4753.33,4622.07,6497,0,0,-1238,7740510.32
353b01bd-099b-4732-b5dd-bced6c71fc8a,2026-04-25,6,25,4,17,1,0,7435,1,0,0,0,0,-1238,5727,8667,3293.47,4528.17,4920,6158,0,7435,7747945.32
353b01bd-099b-4732-b5dd-bced6c71fc8a,2026-04-26,0,26,4,17,1,0,5127,1,4225,1,0,0,7435,579,10526,3537.47,4487.1,7435,0,0,902,7748847.32
353b01bd-099b-4732-b5dd-bced6c71fc8a,2026-04-27,1,27,4,18,0,0,3965,1,0,0,0,0,902,3415.32,5662,3583.62,4166.3,5127,4225,0,3965,7752812.32
353b01bd-099b-4732-b5dd-bced6c71fc8a,2026-04-28,2,28,4,18,0,0,7691,1,6723,1,0,0,3965,7248,7651,3662.14,4109.73,3965,0,0,968,7753780.32
353b01bd-099b-4732-b5dd-bced6c71fc8a,2026-04-29,3,29,4,18,0,0,6355,1,0,0,0,0,968,826,-3662,2765,3886.97,7691,6723,0,6355,7760135.32
353b01bd-099b-4732-b5dd-bced6c71fc8a,2026-04-30,4,30,4,18,0,0,4614,1,0,0,6239.17,1,6355,6497,1438.54,3554.86,4220.87,6355,0,0,-1625.17,7758510.15
353b01bd-099b-4732-b5dd-bced6c71fc8a,2026-05-01,5,1,5,18,0,1,6573,1,4911,1,6130.85,1,-1625.17,-1238,3680.19,2394.55,4118.74,4614,0,6239.17,-4468.85,7754041.3
353b01bd-099b-4732-b5dd-bced6c71fc8a,2026-05-02,6,2,5,18,1,0,11801,1,0,0,0,0,-4468.85,7435,2699,1933,3847.11,6573,4911,6130.85,11801,7765842.3
353b01bd-099b-4732-b5dd-bced6c71fc8a,2026-05-03,0,3,5,18,1,0,5315,1,6903,1,0,0,11801,902,11660,2556.71,4150.51,11801,0,0,-1588,7764254.3
353b01bd-099b-4732-b5dd-bced6c71fc8a,2026-05-04,1,4,5,19,0,0,7870,1,0,0,0,0,-1588,3965,8431,2201,3708.91,5315,6903,0,7870,7772124.3
353b01bd-099b-4732-b5dd-bced6c71fc8a,2026-05-05,2,5,5,19,0,0,8895,1,0,0,0,0,7870,968,3792,2758.85,3690.21,7870,0,0,8895,7781019.3
353b01bd-099b-4732-b5dd-bced6c71fc8a,2026-05-06,3,6,5,19,0,0,8431,1,5910,1,0,0,8895,6355,6465,3891.28,3860.31,8895,0,0,2521,7783540.3
353b01bd-099b-4732-b5dd-bced6c71fc8a,2026-05-07,4,7,5,19,0,0,10578,1,0,0,0,0,2521,-1625.17,2936,3343.57,3728.84,8431,5910,0,10578,7794118.3
353b01bd-099b-4732-b5dd-bced6c71fc8a,2026-05-08,5,8,5,19,0,0,6719,1,5759,1,0,0,10578,-4468.85,5190,5086.88,3983.57,10578,0,0,960,7795078.3
353b01bd-099b-4732-b5dd-bced6c71fc8a,2026-05-09,6,9,5,19,1,0,5239,1,0,0,0,0,960,11801,-1081,5862.43,3842.57,6719,5759,0,5239,7800317.3
353b01bd-099b-4732-b5dd-bced6c71fc8a,2026-05-10,0,10,5,19,1,1,7776,1,3621,1,0,0,5239,-1588,9975,4925,4053.24,5239,0,0,4155,7804472.3
353b01bd-099b-4732-b5dd-bced6c71fc8a,2026-05-11,1,11,5,20,0,0,6650,1,0,0,0,0,4155,7870,10313,5745.43,3859.24,7776,3621,0,6650,7811122.3
353b01bd-099b-4732-b5dd-bced6c71fc8a,2026-05-12,2,12,5,20,0,0,5401,1,0,0,0,0,6650,8895,-1120,5571.14,3737.14,6650,0,0,5401,7816523.3
353b01bd-099b-4732-b5dd-bced6c71fc8a,2026-05-13,3,13,5,20,0,0,6927,1,6305,1,0,0,5401,2521,5616,5072,3954.51,5401,0,0,622,7817145.3
353b01bd-099b-4732-b5dd-bced6c71fc8a,2026-05-14,4,14,5,20,0,0,6048,1,0,0,0,0,622,10578,5932,4800.71,3788.04,6927,6305,0,6048,7823193.3
353b01bd-099b-4732-b5dd-bced6c71fc8a,2026-05-15,5,15,5,20,0,0,8418,1,0,0,4375.56,1,6048,960,-6977.09,4153.57,3791.91,6048,0,0,4042.44,7827235.74
353b01bd-099b-4732-b5dd-bced6c71fc8a,2026-05-16,6,16,5,20,1,0,12116,1,6123,1,0,0,4042.44,5239,6016,4593.92,4159.22,8418,0,4375.56,5993,7833228.74
353b01bd-099b-4732-b5dd-bced6c71fc8a,2026-05-17,0,17,5,20,1,0,7077,1,0,0,0,0,5993,4155,8981,4701.63,4158.46,12116,6123,0,7077,7840305.74
353b01bd-099b-4732-b5dd-bced6c71fc8a,2026-05-18,1,18,5,21,0,0,7388,1,0,0,0,0,7077,6650,5727,5119.06,4094.99,7077,0,0,7388,7847693.74
353b01bd-099b-4732-b5dd-bced6c71fc8a,2026-05-19,2,19,5,21,0,0,4410,1,0,0,0,0,7388,5401,579,5224.49,4150.36,7388,0,0,4410,7852103.74
353b01bd-099b-4732-b5dd-bced6c71fc8a,2026-05-20,3,20,5,21,0,0,4456,1,5842,1,1139.41,1,4410,622,3415.32,5082.92,4278.06,4410,0,0,-2525.41,7849578.33
353b01bd-099b-4732-b5dd-bced6c71fc8a,2026-05-21,4,21,5,21,0,0,9506,1,0,0,0,0,-2525.41,6048,7248,4633.29,4080.03,4456,5842,1139.41,9506,7859084.33
353b01bd-099b-4732-b5dd-bced6c71fc8a,2026-05-22,5,22,5,21,0,0,13544,1,3364,1,0,0,9506,4042.44,826,5127.29,4155.3,9506,0,0,10180,7869264.33
353b01bd-099b-4732-b5dd-bced6c71fc8a,2026-05-23,6,23,5,21,1,0,8097,1,0,0,0,0,10180,5993,6497,6004.08,4467.1,13544,3364,0,8097,7877361.33
353b01bd-099b-4732-b5dd-bced6c71fc8a,2026-05-24,0,24,5,21,1,0,6121,1,7744,1,0,0,8097,7077,-1238,6304.66,4520.43,8097,0,0,-1623,7875738.33
353b01bd-099b-4732-b5dd-bced6c71fc8a,2026-05-25,1,25,5,22,0,0,5457,1,0,0,0,0,-1623,7388,7435,5061.8,4507.6,6121,7744,0,5457,7881195.33
353b01bd-099b-4732-b5dd-bced6c71fc8a,2026-05-26,2,26,5,22,0,0,6538,1,4379,1,0,0,5457,4410,902,4785.94,4441.67,5457,0,0,2159,7883354.33
353b01bd-099b-4732-b5dd-bced6c71fc8a,2026-05-27,3,27,5,22,0,0,9820,1,0,0,0,0,2159,-2525.41,3965,4464.37,4483.57,6538,4379,0,9820,7893174.33
353b01bd-099b-4732-b5dd-bced6c71fc8a,2026-05-28,4,28,5,22,0,0,10154,1,5926,1,0,0,9820,9506,968,6228,4678.73,9820,0,0,4228,7897402.33
353b01bd-099b-4732-b5dd-bced6c71fc8a,2026-05-29,5,29,5,22,0,0,12169,1,0,0,0,0,4228,10180,6355,5474,4787.4,10154,5926,0,12169,7909571.33
353b01bd-099b-4732-b5dd-bced6c71fc8a,2026-05-30,6,30,5,22,1,0,10079,1,0,0,0,0,12169,8097,-1625.17,5758.14,4981.2,12169,0,0,10079,7919650.33
353b01bd-099b-4732-b5dd-bced6c71fc8a,2026-05-31,0,31,5,22,1,0,6766,1,0,0,6046.46,1,10079,-1623,-4468.85,6041.29,5371.34,10079,0,0,719.54,7920369.87
353b01bd-099b-4732-b5dd-bced6c71fc8a,2026-06-01,1,1,6,23,0,0,7811,1,0,0,6137.23,1,719.54,5457,11801,6375.93,5544.29,6766,0,6046.46,1673.77,7922043.64
353b01bd-099b-4732-b5dd-bced6c71fc8a,2026-06-02,2,2,6,23,0,0,6792,1,0,0,0,0,1673.77,2159,-1588,5835.47,5206.71,7811,0,6137.23,6792,7928835.64
353b01bd-099b-4732-b5dd-bced6c71fc8a,2026-06-03,3,3,6,23,0,0,5837,1,0,0,0,0,6792,9820,7870,6497.33,5486.04,6792,0,0,5837,7934672.64
353b01bd-099b-4732-b5dd-bced6c71fc8a,2026-06-04,4,4,6,23,0,0,9182,1,0,0,0,0,5837,4228,8895,5928.33,5418.28,5837,0,0,9182,7943854.64
353b01bd-099b-4732-b5dd-bced6c71fc8a,2026-06-05,5,5,6,23,0,0,4408,1,6622,1,0,0,9182,12169,2521,6636.04,5427.84,9182,0,0,-2214,7941640.64
353b01bd-099b-4732-b5dd-bced6c71fc8a,2026-06-06,6,6,6,23,1,0,13981,1,0,0,0,0,-2214,10079,10578,4581.33,5270.01,4408,6622,0,13981,7955621.64
353b01bd-099b-4732-b5dd-bced6c71fc8a,2026-06-07,0,7,6,23,1,0,3688,1,6520,1,0,0,13981,719.54,960,5138.76,5383.44,13981,0,0,-2832,7952789.64
353b01bd-099b-4732-b5dd-bced6c71fc8a,2026-06-08,1,8,6,24,0,0,6567,1,0,0,0,0,-2832,1673.77,5239,4631.4,5257.04,3688,6520,0,6567,7959356.64
353b01bd-099b-4732-b5dd-bced6c71fc8a,2026-06-09,2,9,6,24,0,0,9451,1,3814,1,0,0,6567,6792,4155,5330.43,5301.31,6567,0,0,5637,7964993.64
353b01bd-099b-4732-b5dd-bced6c71fc8a,2026-06-10,3,10,6,24,0,0,3495,1,0,0,0,0,5637,5837,6650,5165.43,5350.71,9451,3814,0,3495,7968488.64
353b01bd-099b-4732-b5dd-bced6c71fc8a,2026-06-11,4,11,6,24,0,0,4266,1,7325,1,0,0,3495,9182,5401,4830.86,5245.54,3495,0,0,-3059,7965429.64
353b01bd-099b-4732-b5dd-bced6c71fc8a,2026-06-12,5,12,6,24,0,0,4664,1,0,0,0,0,-3059,-2214,622,3082.14,4963.54,4266,7325,0,4664,7970093.64
353b01bd-099b-4732-b5dd-bced6c71fc8a,2026-06-13,6,13,6,24,1,0,10512,1,7751,1,0,0,4664,13981,6048,4064.71,5098.28,4664,0,0,2761,7972854.64
353b01bd-099b-4732-b5dd-bced6c71fc8a,2026-06-14,0,14,6,24,1,0,5191,1,0,0,0,0,2761,-2832,4042.44,2461.86,4988.71,10512,7751,0,5191,7978045.64
353b01bd-099b-4732-b5dd-bced6c71fc8a,2026-06-15,1,15,6,25,0,0,8475,1,0,0,4717.3,1,5191,6567,5993,3608,5027,5191,0,0,3757.7,7981803.34
353b01bd-099b-4732-b5dd-bced6c71fc8a,2026-06-16,2,16,6,25,0,0,9686,1,6597,1,0,0,3757.7,5637,7077,3206.67,4952.49,8475,0,4717.3,3089,7984892.34
353b01bd-099b-4732-b5dd-bced6c71fc8a,2026-06-17,3,17,6,25,0,0,6915,1,0,0,0,0,3089,3495,7388,2842.67,4819.55,9686,6597,0,6915,7991807.34
353b01bd-099b-4732-b5dd-bced6c71fc8a,2026-06-18,4,18,6,25,0,0,6629,1,3898,1,0,0,6915,-3059,4410,3331.24,4803.79,6915,0,0,2731,7994538.34
353b01bd-099b-4732-b5dd-bced6c71fc8a,2026-06-19,5,19,6,25,0,0,11398,1,0,0,0,0,2731,4664,-2525.41,4158.39,4747.82,6629,3898,0,11398,8005936.34
353b01bd-099b-4732-b5dd-bced6c71fc8a,2026-06-20,6,20,6,25,1,0,8444,1,0,0,1037.14,1,11398,2761,9506,5120.39,5211.93,11398,0,0,7406.86,8013343.2
353b01bd-099b-4732-b5dd-bced6c71fc8a,2026-06-21,0,21,6,25,1,0,3635,1,6684,1,0,0,7406.86,5191,10180,5784.08,5141.96,8444,0,1037.14,-3049,8010294.2
353b01bd-099b-4732-b5dd-bced6c71fc8a,2026-06-22,1,22,6,26,0,0,7628,1,0,0,0,0,-3049,3757.7,8097,4606.94,4701,3635,6684,0,7628,8017922.2
353b01bd-099b-4732-b5dd-bced6c71fc8a,2026-06-23,2,23,6,26,0,0,4386,1,6480,1,0,0,7628,3089,-1623,5159.84,4685.36,7628,0,0,-2094,8015828.2
353b01bd-099b-4732-b5dd-bced6c71fc8a,2026-06-24,3,24,6,26,0,0,5953,1,0,0,0,0,-2094,6915,5457,4419.41,4669.66,4386,6480,0,5953,8021781.2
353b01bd-099b-4732-b5dd-bced6c71fc8a,2026-06-25,4,25,6,26,0,0,9919,1,4658,1,0,0,5953,2731,2159,4281.98,4686.2,5953,0,0,5261,8027042.2
353b01bd-099b-4732-b5dd-bced6c71fc8a,2026-06-26,5,26,6,26,0,0,6249,1,0,0,0,0,5261,11398,9820,4643.41,4789.6,9919,4658,0,6249,8033291.2
353b01bd-099b-4732-b5dd-bced6c71fc8a,2026-06-27,6,27,6,26,1,0,5989,1,5180,1,0,0,6249,7406.86,4228,3907.84,4670.56,6249,0,0,809,8034100.2
353b01bd-099b-4732-b5dd-bced6c71fc8a,2026-06-28,0,28,6,26,1,0,3721,1,0,0,0,0,809,-3049,12169,2965.29,4556.6,5989,5180,0,3721,8037821.2
353b01bd-099b-4732-b5dd-bced6c71fc8a,2026-06-29,1,29,6,27,0,0,2953,1,3004,1,0,0,3721,7628,10079,3932.43,4275,3721,0,0,-51,8037770.2
353b01bd-099b-4732-b5dd-bced6c71fc8a,2026-06-30,2,30,6,27,0,0,4758,1,0,0,5135.31,1,-51,-2094,719.54,2835.43,3937.33,2953,3004,0,-377.31,8037392.89
353b01bd-099b-4732-b5dd-bced6c71fc8a,2026-07-01,3,1,7,27,0,0,6523,1,3832,1,6154.16,1,-377.31,5953,1673.77,3080.67,3900.77,4758,0,5135.31,-3463.16,8033929.73
353b01bd-099b-4732-b5dd-bced6c71fc8a,2026-07-02,4,2,7,27,0,0,5231,1,0,0,0,0,-3463.16,5261,6792,1735.5,3729.54,6523,3832,6154.16,5231,8039160.73
353b01bd-099b-4732-b5dd-bced6c71fc8a,2026-07-03,5,3,7,27,0,0,9220,1,4050,1,0,0,5231,6249,5837,1731.22,3677.5,5231,0,0,5170,8044330.73
353b01bd-099b-4732-b5dd-bced6c71fc8a,2026-07-04,6,4,7,27,1,0,8770,1,0,0,0,0,5170,809,9182,1577.08,3655.27,9220,4050,0,8770,8053100.73
353b01bd-099b-4732-b5dd-bced6c71fc8a,2026-07-05,0,5,7,27,1,0,5482,1,7176,1,0,0,8770,3721,-2214,2714.36,3641.54,8770,0,0,-1694,8051406.73
353b01bd-099b-4732-b5dd-bced6c71fc8a,2026-07-06,1,6,7,28,0,0,4786,1,0,0,0,0,-1694,-51,13981,1940.79,3658.87,5482,7176,0,4786,8056192.73
353b01bd-099b-4732-b5dd-bced6c71fc8a,2026-07-07,2,7,7,28,0,0,3191,1,3293,1,0,0,4786,-377.31,-2832,2631.79,3352.37,4786,0,0,-102,8056090.73
353b01bd-099b-4732-b5dd-bced6c71fc8a,2026-07-08,3,8,7,28,0,0,8917,1,0,0,0,0,-102,-3463.16,6567,2671.12,3443.37,3191,3293,0,8917,8065007.73
353b01bd-099b-4732-b5dd-bced6c71fc8a,2026-07-09,4,9,7,28,0,0,4920,1,0,0,0,0,8917,5231,5637,4439.71,3521.7,8917,0,0,4920,8069927.73
353b01bd-099b-4732-b5dd-bced6c71fc8a,2026-07-10,5,10,7,28,0,0,7320,1,5417,1,0,0,4920,5170,3495,4395.29,3497.8,4920,0,0,1903,8071830.73
353b01bd-099b-4732-b5dd-bced6c71fc8a,2026-07-11,6,11,7,28,1,0,5691,1,0,0,0,0,1903,8770,-3059,3928.57,3444.74,7320,5417,0,5691,8077521.73
353b01bd-099b-4732-b5dd-bced6c71fc8a,2026-07-12,0,12,7,28,1,0,5141,1,4771,1,0,0,5691,-1694,4664,3488.71,3736.4,5691,0,0,370,8077891.73
353b01bd-099b-4732-b5dd-bced6c71fc8a,2026-07-13,1,13,7,29,0,0,8497,1,0,0,0,0,370,4786,2761,3783.57,3593.27,5141,4771,0,8497,8086388.73
353b01bd-099b-4732-b5dd-bced6c71fc8a,2026-07-14,2,14,7,29,0,0,8144,1,7918,1,0,0,8497,-102,5191,4313.71,3784.47,8497,0,0,226,8086614.73
353b01bd-099b-4732-b5dd-bced6c71fc8a,2026-07-15,3,15,7,29,0,0,5780,1,0,0,5032.76,1,226,8917,3757.7,4360.57,3618.97,8144,7918,0,747.24,8087361.97
353b01bd-099b-4732-b5dd-bced6c71fc8a,2026-07-16,4,16,7,29,0,0,9150,1,7957,1,0,0,747.24,4920,3089,3193.46,3518.62,5780,0,5032.76,1193,8088554.97
353b01bd-099b-4732-b5dd-bced6c71fc8a,2026-07-17,5,17,7,29,0,0,7386,1,0,0,0,0,1193,1903,6915,2661.03,3455.42,9150,7957,0,7386,8095940.97
353b01bd-099b-4732-b5dd-bced6c71fc8a,2026-07-18,6,18,7,29,1,0,9831,1,6894,1,0,0,7386,5691,2731,3444.32,3471.12,7386,0,0,2937,8098877.97
353b01bd-099b-4732-b5dd-bced6c71fc8a,2026-07-19,0,19,7,29,1,0,4040,1,0,0,0,0,2937,370,11398,3050.89,3477.99,9831,6894,0,4040,8102917.97
353b01bd-099b-4732-b5dd-bced6c71fc8a,2026-07-20,1,20,7,30,0,0,6215,1,0,0,1152.2,1,4040,8497,7406.86,3575.18,3232.72,4040,0,0,5062.8,8107980.77
353b01bd-099b-4732-b5dd-bced6c71fc8a,2026-07-21,2,21,7,30,0,0,3334,1,0,0,0,0,5062.8,226,-3049,3084.58,3154.59,6215,0,1152.2,3334,8111314.77
353b01bd-099b-4732-b5dd-bced6c71fc8a,2026-07-22,3,22,7,30,0,0,3419,1,7660,1,0,0,3334,747.24,7628,3528.58,3367.35,3334,0,0,-4241,8107073.77
353b01bd-099b-4732-b5dd-bced6c71fc8a,2026-07-23,4,23,7,30,0,0,9901,1,0,0,0,0,-4241,1193,-2094,2815.97,2971.72,3419,7660,0,9901,8116974.77
353b01bd-099b-4732-b5dd-bced6c71fc8a,2026-07-24,5,24,7,30,0,0,4743,1,0,0,0,0,9901,7386,5953,4059.97,3371.55,9901,0,0,4743,8121717.77
353b01bd-099b-4732-b5dd-bced6c71fc8a,2026-07-25,6,25,7,30,1,0,4644,1,6694,1,0,0,4743,2937,5261,3682.4,3331.22,4743,0,0,-2050,8119667.77
353b01bd-099b-4732-b5dd-bced6c71fc8a,2026-07-26,0,26,7,30,1,0,5661,1,0,0,0,0,-2050,4040,6249,2969.97,3087.52,4644,6694,0,5661,8125328.77
353b01bd-099b-4732-b5dd-bced6c71fc8a,2026-07-27,1,27,7,31,0,0,4200,1,6088,1,0,0,5661,5062.8,809,3201.54,3067.92,5661,0,0,-1888,8123440.77
353b01bd-099b-4732-b5dd-bced6c71fc8a,2026-07-28,2,28,7,31,0,0,7976,1,0,0,0,0,-1888,3334,3721,2208.57,2978.02,4200,6088,0,7976,8131416.77
353b01bd-099b-4732-b5dd-bced6c71fc8a,2026-07-29,3,29,7,31,0,0,4384,1,6543,1,0,0,7976,-4241,-51,2871.71,3119.85,7976,0,0,-2159,8129257.77
353b01bd-099b-4732-b5dd-bced6c71fc8a,2026-07-30,4,30,7,31,0,0,4047,1,0,0,0,0,-2159,9901,-377.31,3169.14,3049.59,4384,6543,0,4047,8133304.77
353b01bd-099b-4732-b5dd-bced6c71fc8a,2026-07-31,5,31,7,31,0,0,4634,1,0,0,4058.57,1,4047,4743,-3463.16,2332.86,3197.06,4047,0,0,575.43,8133880.2
353b01bd-099b-4732-b5dd-bced6c71fc8a,2026-08-01,6,1,8,31,1,0,10152,1,5386,1,5959.69,1,575.43,-2050,5231,1737.49,3331.68,4634,0,4058.57,-1193.69,8132686.51
353b01bd-099b-4732-b5dd-bced6c71fc8a,2026-08-02,0,2,8,31,1,0,4546,1,0,0,0,0,-1193.69,5661,5170,1859.82,3117.53,10152,5386,5959.69,4546,8137232.51
353b01bd-099b-4732-b5dd-bced6c71fc8a,2026-08-03,1,3,8,32,0,0,3988,1,3653,1,0,0,4546,-1888,8770,1700.53,3096.73,4546,0,0,335,8137567.51
353b01bd-099b-4732-b5dd-bced6c71fc8a,2026-08-04,2,4,8,32,0,0,8204,1,0,0,0,0,335,7976,-1694,2018.11,2815.56,3988,3653,0,8204,8145771.51
353b01bd-099b-4732-b5dd-bced6c71fc8a,2026-08-05,3,5,8,32,0,0,4728,1,0,0,0,0,8204,-2159,4786,2050.68,3145.49,8204,0,0,4728,8150499.51
353b01bd-099b-4732-b5dd-bced6c71fc8a,2026-08-06,4,6,8,32,0,0,11274,1,3914,1,0,0,4728,4047,-102,3034.53,3143.56,4728,0,0,7360,8157859.51
353b01bd-099b-4732-b5dd-bced6c71fc8a,2026-08-07,5,7,8,32,0,0,13328,1,0,0,0,0,7360,575.43,8917,3507.82,3392.29,11274,3914,0,13328,8171187.51
353b01bd-099b-4732-b5dd-bced6c71fc8a,2026-08-08,6,8,8,32,1,0,5939,1,6598,1,0,0,13328,-1193.69,4920,5329.62,3539.33,13328,0,0,-659,8170528.51
353b01bd-099b-4732-b5dd-bced6c71fc8a,2026-08-09,0,9,8,32,1,0,2690,1,0,0,0,0,-659,4546,1903,5406,3353.36,5939,6598,0,2690,8173218.51
353b01bd-099b-4732-b5dd-bced6c71fc8a,2026-08-10,1,10,8,33,0,0,2857,1,5940,1,0,0,2690,335,5691,5140.86,3379.59,2690,0,0,-3083,8170135.51
353b01bd-099b-4732-b5dd-bced6c71fc8a,2026-08-11,2,11,8,33,0,0,6115,1,0,0,0,0,-3083,8204,370,4652.57,3087.13,2857,5940,0,6115,8176250.51
353b01bd-099b-4732-b5dd-bced6c71fc8a,2026-08-12,3,12,8,33,0,0,9699,1,6944,1,0,0,6115,4728,8497,4354.14,3278.63,6115,0,0,2755,8179005.51
353b01bd-099b-4732-b5dd-bced6c71fc8a,2026-08-13,4,13,8,33,0,0,3847,1,0,0,0,0,2755,7360,226,4072.29,3087.23,9699,6944,0,3847,8182852.51
353b01bd-099b-4732-b5dd-bced6c71fc8a,2026-08-14,5,14,8,33,0,0,9175,1,4869,1,0,0,3847,13328,747.24,3570.43,3207.93,3847,0,0,4306,8187158.51
353b01bd-099b-4732-b5dd-bced6c71fc8a,2026-08-15,6,15,8,33,1,0,4748,1,0,0,6922.92,1,4306,-659,1193,2281.57,3326.55,9175,4869,0,-2174.92,8184983.59
353b01bd-099b-4732-b5dd-bced6c71fc8a,2026-08-16,0,16,8,33,1,0,6544,1,0,0,0,0,-2174.92,2690,7386,2065.01,3214.29,4748,0,6922.92,6544,8191527.59
353b01bd-099b-4732-b5dd-bced6c71fc8a,2026-08-17,1,17,8,34,0,0,4084,1,0,0,0,0,6544,-3083,2937,2615.58,3186.22,6544,0,0,4084,8195611.59
353b01bd-099b-4732-b5dd-bced6c71fc8a,2026-08-18,2,18,8,34,0,0,5651,1,7535,1,0,0,4084,6115,4040,3639.44,3224.45,4084,0,0,-1884,8193727.59
353b01bd-099b-4732-b5dd-bced6c71fc8a,2026-08-19,3,19,8,34,0,0,7650,1,0,0,0,0,-1884,2755,5062.8,2496.73,3026.99,5651,7535,0,7650,8201377.59
353b01bd-099b-4732-b5dd-bced6c71fc8a,2026-08-20,4,20,8,34,0,0,7122,1,5703,1,1467.91,1,7650,3847,3334,3196.01,3113.23,7650,0,0,-48.91,8201328.68
353b01bd-099b-4732-b5dd-bced6c71fc8a,2026-08-21,5,21,8,34,0,0,4933,1,0,0,0,0,-48.91,4306,-4241,2639.45,3000.46,7122,5703,1467.91,4933,8206261.68
353b01bd-099b-4732-b5dd-bced6c71fc8a,2026-08-22,6,22,8,34,1,0,5499,1,7903,1,0,0,4933,-2174.92,9901,2729.02,3306.26,4933,0,0,-2404,8203857.68
353b01bd-099b-4732-b5dd-bced6c71fc8a,2026-08-23,0,23,8,34,1,0,6108,1,0,0,0,0,-2404,6544,4743,2696.3,2896.1,5499,7903,0,6108,8209965.68
353b01bd-099b-4732-b5dd-bced6c71fc8a,2026-08-24,1,24,8,35,0,0,2955,1,5179,1,0,0,6108,4084,-2050,2634.01,2941.6,6108,0,0,-2224,8207741.68
353b01bd-099b-4732-b5dd-bced6c71fc8a,2026-08-25,2,25,8,35,0,0,7498,1,0,0,0,0,-2224,-1884,5661,1732.87,2935.8,2955,5179,0,7498,8215239.68
353b01bd-099b-4732-b5dd-bced6c71fc8a,2026-08-26,3,26,8,35,0,0,9327,1,0,0,0,0,7498,7650,-1888,3073.16,2997.03,7498,0,0,9327,8224566.68
353b01bd-099b-4732-b5dd-bced6c71fc8a,2026-08-27,4,27,8,35,0,0,10323,1,0,0,0,0,9327,-48.91,7976,3312.73,3370.86,9327,0,0,10323,8234889.68
353b01bd-099b-4732-b5dd-bced6c71fc8a,2026-08-28,5,28,8,35,0,0,9995,1,0,0,0,0,10323,4933,-2159,4794.43,3449.1,10323,0,0,9995,8244884.68
353b01bd-099b-4732-b5dd-bced6c71fc8a,2026-08-29,6,29,8,35,1,0,8491,1,0,0,0,0,9995,-2404,4047,5517.57,3854.23,9995,0,0,8491,8253375.68
353b01bd-099b-4732-b5dd-bced6c71fc8a,2026-08-30,0,30,8,35,1,0,5617,1,0,0,0,0,8491,6108,575.43,7074,4002.36,8491,0,0,5617,8258992.68
353b01bd-099b-4732-b5dd-bced6c71fc8a,2026-08-31,1,31,8,36,0,0,3438,1,7371,1,5578.77,1,5617,-2224,-1193.69,7003.86,4170.42,5617,0,0,-9511.77,8249480.91
353b01bd-099b-4732-b5dd-bced6c71fc8a,2026-09-01,2,1,9,36,0,0,8853,1,0,0,5815.02,1,-9511.77,7498,4546,5962.75,3893.15,3438,7371,5578.77,3037.98,8252518.89
353b01bd-099b-4732-b5dd-bced6c71fc8a,2026-09-02,3,2,9,36,0,0,9908,1,6428,1,0,0,3037.98,9327,335,5325.6,3842.88,8853,0,5815.02,3480,8255998.89
353b01bd-099b-4732-b5dd-bced6c71fc8a,2026-09-03,4,3,9,36,0,0,3930,1,0,0,0,0,3480,10323,8204,4490.32,3947.71,9908,6428,0,3930,8259928.89
353b01bd-099b-4732-b5dd-bced6c71fc8a,2026-09-04,5,4,9,36,0,0,12611,1,3238,1,0,0,3930,9995,4728,3577.03,3805.25,3930,0,0,9373,8269301.89
353b01bd-099b-4732-b5dd-bced6c71fc8a,2026-09-05,6,5,9,36,1,0,4720,1,0,0,0,0,9373,8491,7360,3488.17,3960.08,12611,3238,0,4720,8274021.89
353b01bd-099b-4732-b5dd-bced6c71fc8a,2026-09-06,0,6,9,36,1,0,5513,1,5276,1,0,0,4720,5617,13328,2949.46,3872.08,4720,0,0,237,8274258.89
353b01bd-099b-4732-b5dd-bced6c71fc8a,2026-09-07,1,7,9,37,0,0,8638,1,0,0,0,0,237,-9511.77,-659,2180.89,3435.71,5513,5276,0,8638,8282896.89
353b01bd-099b-4732-b5dd-bced6c71fc8a,2026-09-08,2,8,9,37,0,0,8889,1,7919,1,0,0,8638,3037.98,2690,4773.71,3745.61,8638,0,0,970,8283866.89
353b01bd-099b-4732-b5dd-bced6c71fc8a,2026-09-09,3,9,9,37,0,0,5186,1,0,0,0,0,970,3480,-3083,4478.29,3688.28,8889,7919,0,5186,8289052.89
353b01bd-099b-4732-b5dd-bced6c71fc8a,2026-09-10,4,10,9,37,0,0,5549,1,3801,1,0,0,5186,3930,6115,4722,3963.91,5186,0,0,1748,8290800.89
353b01bd-099b-4732-b5dd-bced6c71fc8a,2026-09-11,5,11,9,37,0,0,10702,1,0,0,0,0,1748,9373,2755,4410.29,3818.35,5549,3801,0,10702,8301502.89
353b01bd-099b-4732-b5dd-bced6c71fc8a,2026-09-12,6,12,9,37,1,0,11475,1,0,0,0,0,10702,4720,3847,4600.14,4083.25,10702,0,0,11475,8312977.89